date,open,high,low,close,volume,Name
2013-05-21,36.0863,36.3726,35.8542,36.0616,3573242,BAX
2013-05-22,36.1356,36.4615,35.5037,35.6962,3419856,BAX
2013-05-23,35.474,35.6938,35.2766,35.6222,3260053,BAX
2013-05-24,35.5827,35.5975,35.2173,35.3062,2329170,BAX
2013-05-28,35.5925,35.948,35.474,35.7012,2690376,BAX
2013-05-29,35.5086,35.5629,34.9803,35.2223,2366541,BAX
2013-05-30,35.2519,35.7061,35.1976,35.5481,1992036,BAX
2013-05-31,35.4444,35.5333,34.7236,34.7236,3332626,BAX
2013-06-03,34.768,34.7927,34.378,34.7779,3255287,BAX
2013-06-04,34.694,34.8371,34.1805,34.452,2859692,BAX
2013-06-05,34.4073,34.7454,34.2134,34.2233,3448758,BAX
2013-06-06,34.273,34.5664,34.0592,34.5664,2917006,BAX
2013-06-07,34.6957,35.0288,34.5614,34.7901,2723264,BAX
2013-06-10,34.8448,35.0089,34.5415,34.9244,2498573,BAX
2013-06-11,34.5863,34.8846,34.1487,34.6907,2291038,BAX
2013-06-12,34.9244,34.9841,34.6211,34.6808,2334089,BAX
2013-06-13,34.631,35.2625,34.2184,35.178,2973535,BAX
2013-06-14,35.1382,35.4614,35.0288,35.1034,2152318,BAX
2013-06-17,35.3023,35.3669,34.9095,35.168,2228689,BAX
2013-06-18,35.168,35.3421,35.0686,35.2426,1853604,BAX
2013-06-19,35.1481,35.3222,34.636,34.636,2108540,BAX
2013-06-20,34.4272,34.457,33.7659,33.8604,3140136,BAX
2013-06-21,34.1985,34.8946,34.1835,34.7852,4863150,BAX
2013-06-24,34.6062,34.8051,34.109,34.5415,2893203,BAX
2013-06-25,34.8448,34.8846,34.283,34.5565,2037022,BAX
2013-06-26,34.815,34.9294,34.6062,34.6758,3777409,BAX
2013-06-27,34.9045,35.0039,34.6261,34.6559,2790474,BAX
2013-06-28,34.631,34.8075,34.4222,34.4421,3923638,BAX
2013-07-01,34.6261,35.0512,34.5067,34.8349,2053013,BAX
2013-07-02,34.8598,35.0238,34.5465,34.641,2134945,BAX
2013-07-03,34.7305,34.7305,34.3277,34.5067,1007967,BAX
2013-07-05,34.6907,34.8001,34.3625,34.7454,1684496,BAX
2013-07-08,34.9493,35.4241,34.9393,35.3371,2724707,BAX
2013-07-09,35.4365,35.628,35.2625,35.526,1915285,BAX
2013-07-10,35.5658,35.6752,35.3669,35.4614,2314087,BAX
2013-07-11,35.7547,36.1774,35.6901,36.1078,2777436,BAX
2013-07-12,36.0978,36.1923,35.9367,36.0481,2035434,BAX
2013-07-15,36.1177,36.252,35.9984,36.1376,2002910,BAX
2013-07-16,36.1575,36.3912,36.0705,36.2122,2215640,BAX
2013-07-17,36.2818,36.4608,36.1127,36.3265,2375550,BAX
2013-07-18,36.6249,36.8635,36.1724,36.3464,3027294,BAX
2013-07-19,36.4111,36.8188,36.073,36.8138,2626625,BAX
2013-07-22,36.8387,37.0226,36.6348,37.0077,2581815,BAX
2013-07-23,37.0226,37.0923,36.8039,36.9381,2659623,BAX
2013-07-24,37.0425,37.0674,36.4807,36.605,2203525,BAX
2013-07-25,36.4956,36.5851,36.1127,36.2022,2757242,BAX
2013-07-26,36.2122,36.5055,36.0033,36.3067,2842486,BAX
2013-07-29,36.3017,36.3464,36.0928,36.2122,1836790,BAX
2013-07-30,36.2768,36.682,36.257,36.5652,2593479,BAX
2013-07-31,36.5751,36.779,36.252,36.3166,3584377,BAX
2013-08-01,36.5453,36.6298,35.8144,35.8989,4021260,BAX
2013-08-02,34.9443,35.531,34.462,35.0238,9545032,BAX
2013-08-05,34.9542,35.5757,34.9244,35.357,3948971,BAX
2013-08-06,35.357,35.8691,35.2476,35.8094,4503209,BAX
2013-08-07,35.9835,36.0879,35.5534,35.6205,3359787,BAX
2013-08-08,35.7,36.416,35.7,36.3763,3477029,BAX
2013-08-09,36.3265,36.7939,36.3265,36.6895,3380043,BAX
2013-08-12,36.6298,36.6796,36.431,36.6298,2365647,BAX
2013-08-13,36.605,36.8486,36.4608,36.7094,2020806,BAX
2013-08-14,36.6746,36.7686,36.3663,36.5304,2455737,BAX
2013-08-15,36.3812,36.5205,35.6752,35.9636,3933436,BAX
2013-08-16,35.7995,35.8442,35.3222,35.3619,3253315,BAX
2013-08-19,35.3222,35.6379,35.2774,35.4912,2045274,BAX
2013-08-20,35.5061,35.6851,35.3719,35.4763,1764165,BAX
2013-08-21,35.4664,35.5409,35.1929,35.3172,2011473,BAX
2013-08-22,35.3818,35.536,35.0321,35.5111,1100150,BAX
2013-08-23,35.5559,35.8442,35.5211,35.7697,1898166,BAX
2013-08-26,35.7697,35.9089,35.6205,35.6702,1989219,BAX
2013-08-27,35.4067,35.4564,34.9642,35.1034,2186781,BAX
2013-08-28,35.1233,35.2973,34.9642,35.1631,2512893,BAX
2013-08-29,35.0487,35.1382,34.8051,34.8846,2028803,BAX
2013-08-30,34.9741,34.999,34.4968,34.5863,2392712,BAX
2013-09-03,34.9343,35.0785,34.3427,34.5763,2648727,BAX
2013-09-04,34.7516,35.0971,34.6715,34.9018,2939096,BAX
2013-09-05,34.9168,35.037,34.8222,34.9419,2190862,BAX
2013-09-06,35.0621,35.2924,34.8167,35.057,2225668,BAX
2013-09-09,35.1572,35.4126,35.052,35.4026,1762242,BAX
2013-09-10,35.8482,35.9584,35.4877,35.7681,2071977,BAX
2013-09-11,36.0035,36.1987,35.8382,36.1737,2508417,BAX
2013-09-12,36.1487,36.2037,35.7781,35.8683,2429386,BAX
2013-09-13,35.9033,36.0285,35.718,35.9434,1434208,BAX
2013-09-16,36.4591,36.4792,35.9784,36.0135,2540995,BAX
2013-09-17,35.9734,36.0936,35.7931,35.8432,2001578,BAX
2013-09-18,35.8082,36.0285,35.5778,35.9033,2563587,BAX
2013-09-19,35.9734,36.2381,35.6029,36.1537,2208066,BAX
2013-09-20,36.1537,36.364,35.8082,35.8432,3358203,BAX
2013-09-23,35.8733,36.0535,35.7431,35.9734,1930762,BAX
2013-09-24,35.9534,36.0535,35.6129,35.683,2576845,BAX
2013-09-25,34.7917,34.9469,33.2043,33.3996,13247577,BAX
2013-09-26,33.4547,33.5799,33.0941,33.2243,5598393,BAX
2013-09-27,33.2143,33.3745,33.0541,33.2393,3515481,BAX
2013-09-30,33.1542,33.1968,32.8037,32.8938,3709532,BAX
2013-10-01,32.8938,33.0491,32.7361,32.8388,3051414,BAX
2013-10-02,32.4932,32.5183,31.4467,31.9925,8401701,BAX
2013-10-03,32.0376,32.6184,32.0175,32.2779,6066740,BAX
2013-10-04,32.3931,32.5633,32.2879,32.5533,3873691,BAX
2013-10-07,32.6685,32.6685,32.2579,32.4682,2791909,BAX
2013-10-08,32.3881,32.5834,32.2078,32.2529,3699974,BAX
2013-10-09,32.3981,32.7086,32.328,32.5483,3601583,BAX
2013-10-10,32.7737,33.029,32.7536,33.029,3029997,BAX
2013-10-11,32.8287,33.0541,32.6084,33.0491,3057652,BAX
2013-10-14,32.9389,33.3195,32.8688,33.2894,2570572,BAX
2013-10-15,33.3395,33.4021,33.1743,33.1893,3598069,BAX
2013-10-16,33.2293,33.8302,33.1092,33.8302,3848148,BAX
2013-10-17,33.2844,33.7401,32.9339,33.67,3807079,BAX
2013-10-18,33.1242,33.4246,32.7286,33.0491,5801827,BAX
2013-10-21,33.0591,33.0891,32.5684,32.6735,4566657,BAX
2013-10-22,32.8337,32.979,32.6535,32.6985,4804716,BAX
2013-10-23,32.5884,32.8337,32.5183,32.6785,4452651,BAX
2013-10-24,32.9289,32.994,32.5433,32.7686,3880527,BAX
2013-10-25,32.8588,32.9139,32.5934,32.7937,2970314,BAX
2013-10-28,33.8553,33.9254,33.2243,33.4246,5076999,BAX
2013-10-29,33.4697,33.4896,33.2043,33.3595,2428897,BAX
2013-10-30,33.3595,33.3971,32.9339,33.0441,2712958,BAX
2013-10-31,33.0491,33.2744,32.8985,32.984,3080243,BAX
2013-11-01,33.0591,33.1793,32.7937,32.9239,3661510,BAX
2013-11-04,33.024,33.0991,32.8087,33.0691,2307789,BAX
2013-11-05,33.0641,33.0841,32.6084,32.6134,2396357,BAX
2013-11-06,32.6785,32.9038,32.6099,32.7386,3134020,BAX
2013-11-07,32.9589,33.1102,32.6585,32.6585,2991868,BAX
2013-11-08,32.5834,32.6685,32.4382,32.6134,4897766,BAX
2013-11-11,32.6485,32.7086,32.5333,32.6585,2766014,BAX
2013-11-12,32.6585,33.0491,32.5533,32.999,3751050,BAX
2013-11-13,32.9339,33.2919,32.9239,33.2343,3825006,BAX
2013-11-14,33.3946,33.8703,33.3095,33.8503,4437431,BAX
2013-11-15,33.9955,34.4712,33.8503,34.381,6180243,BAX
2013-11-18,34.6865,34.6865,34.3385,34.4612,4361911,BAX
2013-11-19,34.356,34.6615,34.2809,34.6114,4776574,BAX
2013-11-20,34.5713,34.7065,34.5263,34.5713,2860283,BAX
2013-11-21,34.6064,34.6765,34.1507,34.2559,3330907,BAX
2013-11-22,34.331,34.3916,33.8803,33.9404,3593676,BAX
2013-11-25,33.9354,34.0956,33.8503,33.8953,3581471,BAX
2013-11-26,33.9704,34.1607,33.65,33.9704,3564328,BAX
2013-11-27,33.68,34.2959,33.68,34.1607,2374836,BAX
2013-11-29,34.2458,34.2959,34.0956,34.2759,1443459,BAX
2013-12-02,34.5563,34.7316,34.1307,34.1357,3369755,BAX
2013-12-03,34.1307,34.1407,33.5698,33.7251,3815471,BAX
2013-12-04,33.6544,33.8512,33.3669,33.6797,5981812,BAX
2013-12-05,33.5737,33.8512,33.4426,33.6443,4657951,BAX
2013-12-06,33.9066,34.1538,33.8663,33.9924,3460118,BAX
2013-12-09,34.0025,34.3657,33.9974,34.1942,3622371,BAX
2013-12-10,34.1437,34.2093,33.9016,33.9268,2623131,BAX
2013-12-11,34.0529,34.0529,33.7099,33.7805,3315011,BAX
2013-12-12,33.715,33.7856,33.4174,33.5687,3250322,BAX
2013-12-13,33.6242,33.7301,33.3469,33.4275,2296336,BAX
2013-12-16,33.5586,33.6948,33.3013,33.3619,2869290,BAX
2013-12-17,33.3367,33.3669,33.0542,33.0643,3302953,BAX
2013-12-18,33.2307,33.9773,33.2006,33.9167,4770895,BAX
2013-12-19,33.9066,34.0075,33.5334,33.8259,3432129,BAX
2013-12-20,34.2597,34.6734,34.0731,34.4968,6457714,BAX
2013-12-23,34.5775,34.8398,34.3001,34.7541,3560788,BAX
2013-12-24,34.6834,34.9558,34.6113,34.8348,1162810,BAX
2013-12-26,34.9155,35.0567,34.628,34.9659,1670692,BAX
2013-12-27,34.9659,35.0517,34.8247,35.0416,1295260,BAX
2013-12-30,35.0164,35.0517,34.8161,34.9306,2276552,BAX
2013-12-31,34.976,35.2131,34.9356,35.0819,1661464,BAX
2014-01-02,35.0769,35.1475,34.8247,34.9003,2069974,BAX
2014-01-03,35.0012,35.1425,34.8348,34.9558,1785301,BAX
2014-01-06,35.2232,35.2786,34.8247,35.0164,3160860,BAX
2014-01-07,34.9104,35.2988,34.7626,35.203,3543542,BAX
2014-01-08,35.1979,35.3316,35.0718,35.319,3214371,BAX
2014-01-09,35.3997,35.4552,35.0365,35.4148,3924848,BAX
2014-01-10,35.4098,35.4148,35.1702,35.314,3106861,BAX
2014-01-13,35.208,35.6368,35.208,35.3594,4025978,BAX
2014-01-14,35.3795,35.4754,34.9962,35.1374,4011908,BAX
2014-01-15,35.1979,35.2625,34.7843,35.2232,2801505,BAX
2014-01-16,34.9911,35.546,34.9911,35.3392,2596049,BAX
2014-01-17,35.2887,35.3694,35.0668,35.2736,3003648,BAX
2014-01-21,35.324,35.3795,34.918,35.087,3220448,BAX
2014-01-22,35.1172,35.3568,35.0446,35.1778,3375533,BAX
2014-01-23,35.5359,35.6822,34.7944,34.8045,4464615,BAX
2014-01-24,34.5674,34.6698,33.952,34.1185,4125494,BAX
2014-01-27,34.179,34.4766,34.1538,34.2396,3808860,BAX
2014-01-28,34.3051,34.6683,34.2496,34.5523,2971572,BAX
2014-01-29,34.4665,34.86,34.3059,34.5019,3629245,BAX
2014-01-30,34.6834,35.0214,34.522,34.9407,3777254,BAX
2014-01-31,34.6128,34.6935,34.4262,34.4514,4409532,BAX
2014-02-03,34.4766,34.5467,33.5132,33.5687,4812926,BAX
2014-02-04,33.6191,33.831,33.5132,33.7705,2715400,BAX
2014-02-05,33.6847,34.0983,33.6343,33.947,2628745,BAX
2014-02-06,34.0681,34.1336,33.8158,33.8411,3559938,BAX
2014-02-07,33.942,34.4085,33.8663,34.2496,3081448,BAX
2014-02-10,34.1841,34.4968,34.1235,34.4514,2087568,BAX
2014-02-11,34.4514,35.1525,34.3808,35.0315,2385118,BAX
2014-02-12,35.1374,35.2181,34.8348,34.865,2515729,BAX
2014-02-13,34.7843,34.981,34.6128,34.9356,2267102,BAX
2014-02-14,34.749,34.9609,34.7188,34.8449,2478083,BAX
2014-02-18,35.0315,35.1122,34.8146,34.9508,2353632,BAX
2014-02-19,34.8095,35.324,34.8095,34.865,2500445,BAX
2014-02-20,34.8549,35.145,34.8499,34.981,2571835,BAX
2014-02-21,35.0012,35.2837,34.8701,34.9508,3905377,BAX
2014-02-24,35.0466,35.3846,35.0315,35.0466,2624037,BAX
2014-02-25,35.0416,35.0416,34.5926,34.633,2563036,BAX
2014-02-26,34.6179,35.1677,34.5649,34.9104,4075795,BAX
2014-02-27,34.8802,35.0517,34.3304,34.749,3614016,BAX
2014-02-28,34.8045,35.1727,34.6885,35.0567,3864439,BAX
2014-03-03,34.7591,34.8625,34.4363,34.749,2839305,BAX
2014-03-04,34.9861,35.0332,34.8045,34.8196,3692182,BAX
2014-03-05,34.8196,34.845,34.3827,34.5148,4272326,BAX
2014-03-06,34.5453,34.592,34.2913,34.3268,3226579,BAX
2014-03-07,34.4386,34.4945,34.2354,34.2913,4298125,BAX
2014-03-10,34.2913,34.4691,34.0423,34.3878,3519181,BAX
2014-03-11,34.3776,34.6825,34.1948,34.4183,3069603,BAX
2014-03-12,34.3014,34.4944,34.2456,34.3522,2177362,BAX
2014-03-13,34.4284,34.4589,33.9865,34.022,1748365,BAX
2014-03-14,33.9407,34.1643,33.7528,33.7782,2707589,BAX
2014-03-17,33.7071,34.1084,33.702,33.7833,2723865,BAX
2014-03-18,33.8544,34.3116,33.8188,34.1948,3544868,BAX
2014-03-19,34.2456,34.5199,34.144,34.2506,2660289,BAX
2014-03-20,34.1846,34.4742,34.0576,34.464,3069801,BAX
2014-03-21,34.7079,34.8704,34.2506,34.398,4549273,BAX
2014-03-24,34.4183,34.4742,33.7883,33.9661,3542729,BAX
2014-03-25,34.0474,34.7587,34.0169,34.7434,4171181,BAX
2014-03-26,34.8755,35.9423,34.7434,35.602,8160756,BAX
2014-03-27,38.4469,38.4469,36.9279,36.9838,19991727,BAX
2014-03-28,37.2022,37.4664,36.7933,37.0092,6644603,BAX
2014-03-31,37.0498,37.4862,36.8771,37.38,3610010,BAX
2014-04-01,37.5274,37.568,37.0498,37.4258,3554639,BAX
2014-04-02,37.4105,37.4105,37.0854,37.1819,3271353,BAX
2014-04-03,37.314,37.3394,36.9838,37.2835,3351079,BAX
2014-04-04,37.3953,37.6544,36.999,37.0498,3332452,BAX
2014-04-07,37.0041,37.4258,36.8085,36.8263,3173601,BAX
2014-04-08,36.9177,37.0447,36.6739,36.7298,2319343,BAX
2014-04-09,36.8619,37.3343,36.684,37.314,3589200,BAX
2014-04-10,37.3343,37.3394,36.4986,36.7094,3038704,BAX
2014-04-11,36.5926,37.0346,36.557,36.5672,2637128,BAX
2014-04-14,36.7755,37.0854,36.6434,36.9635,2201844,BAX
2014-04-15,36.9736,37.3292,36.6434,37.2683,2983749,BAX
2014-04-16,37.5782,37.6493,37.1514,37.314,3980364,BAX
2014-04-17,37.3496,37.5934,36.7856,36.9889,4258274,BAX
2014-04-21,36.8415,37.2327,36.8161,37.1616,2331972,BAX
2014-04-22,37.1362,37.2784,36.7501,36.7704,3209716,BAX
2014-04-23,36.8415,36.933,36.6586,36.6993,2404757,BAX
2014-04-24,36.872,37.0143,36.7145,36.7298,2682081,BAX
2014-04-25,36.7044,36.8669,36.5266,36.7399,1932510,BAX
2014-04-28,36.8822,37.3343,36.6993,37.2327,3048716,BAX
2014-04-29,37.3038,37.3317,37.0447,37.0549,1839317,BAX
2014-04-30,37.0854,37.1514,36.7145,36.9787,2741169,BAX
2014-05-01,37.0092,37.9135,37.0092,37.7915,5121502,BAX
2014-05-02,38.2538,38.2691,37.7712,37.9541,8238210,BAX
2014-05-05,37.8474,37.9287,37.4715,37.8525,4348608,BAX
2014-05-06,37.8271,38.0811,37.5731,37.5782,2769071,BAX
2014-05-07,37.6442,38.0354,37.4791,37.9693,2904139,BAX
2014-05-08,37.9185,38.3148,37.8474,38.0151,2255478,BAX
2014-05-09,37.8677,38.1573,37.6772,38.1319,1456637,BAX
2014-05-12,38.2132,38.3707,38.1116,38.2894,1755496,BAX
2014-05-13,38.3554,38.5485,38.203,38.3097,2134579,BAX
2014-05-14,38.2843,38.4418,38.1979,38.33,2150646,BAX
2014-05-15,38.1471,38.3351,37.7458,37.8881,3103995,BAX
2014-05-16,37.8627,38.1268,37.8322,37.9185,2983032,BAX
2014-05-19,38.4959,38.6775,38.2831,38.4596,1865354,BAX
2014-05-20,38.0303,38.076,37.5782,37.6848,2202886,BAX
2014-05-21,37.7712,37.9744,37.3496,37.7763,1630496,BAX
2014-05-22,37.7052,37.9744,37.629,37.8677,1540331,BAX
2014-05-23,37.8627,37.9643,37.7204,37.883,1405222,BAX
2014-05-27,37.9846,37.9846,37.568,37.6747,1766794,BAX
2014-05-28,37.8373,37.9643,37.4816,37.7458,1899953,BAX
2014-05-29,37.8271,37.8982,37.7306,37.7966,1311467,BAX
2014-05-30,37.7052,37.8728,37.6899,37.8017,2457682,BAX
2014-06-02,37.8017,37.9236,37.6264,37.7102,2499140,BAX
2014-06-03,37.6645,37.9033,37.4664,37.5934,3493879,BAX
2014-06-04,37.266,37.4502,37.1381,37.3478,4136124,BAX
2014-06-05,37.486,37.8697,37.3325,37.8134,4259844,BAX
2014-06-06,37.8594,37.9669,37.6865,37.7571,2301440,BAX
2014-06-09,37.7418,37.8134,37.5064,37.6753,1909243,BAX
2014-06-10,37.6753,37.7367,37.4399,37.7264,2056623,BAX
2014-06-11,37.6497,37.7008,37.3888,37.4808,1737498,BAX
2014-06-12,37.4808,37.5013,37.2506,37.3478,2399474,BAX
2014-06-13,37.4092,37.5167,37.3529,37.4092,1775064,BAX
2014-06-16,37.5269,37.9413,37.4399,37.486,2043125,BAX
2014-06-17,37.3836,37.5678,37.2864,37.4348,1676824,BAX
2014-06-18,37.4399,37.7878,37.3939,37.7571,1596307,BAX
2014-06-19,37.7469,37.8748,37.6855,37.8032,1950263,BAX
2014-06-20,37.8185,37.8594,37.6701,37.752,3041529,BAX
2014-06-23,37.7827,37.8953,37.6855,37.7367,1986872,BAX
2014-06-24,37.6292,37.7571,37.5167,37.5678,2307431,BAX
2014-06-25,37.619,37.8594,37.5678,37.8185,2486343,BAX
2014-06-26,37.7622,37.7827,37.225,37.4655,2593682,BAX
2014-06-27,37.3632,37.4348,37.1432,37.2609,2082985,BAX
2014-06-30,37.3376,37.3478,36.8464,36.9897,2983266,BAX
2014-07-01,37.1585,37.8543,37.1585,37.7367,2907695,BAX
2014-07-02,37.8134,38.3711,37.532,38.3659,3012594,BAX
2014-07-03,38.412,38.4938,38.1255,38.3097,1388954,BAX
2014-07-07,38.2841,38.4785,38.1306,38.3097,1608512,BAX
2014-07-08,38.2432,38.6576,38.1306,38.5655,2701356,BAX
2014-07-09,38.4427,38.9082,38.4427,38.7906,2519666,BAX
2014-07-10,38.591,39.2817,38.4478,39.2664,3308227,BAX
2014-07-11,39.1692,39.292,38.9287,39.1845,1918748,BAX
2014-07-14,39.251,39.4659,39.0924,39.2868,2048156,BAX
2014-07-15,39.3482,39.3943,39.1743,39.2715,2427960,BAX
2014-07-16,39.3943,39.4403,39.072,39.1896,2040924,BAX
2014-07-17,38.9799,39.5171,38.852,39.0106,2564419,BAX
2014-07-18,39.1538,39.1692,38.6473,39.1487,2924084,BAX
2014-07-21,39.0003,39.0454,38.7138,38.9389,2116282,BAX
2014-07-22,39.0668,39.471,38.985,39.3278,1912682,BAX
2014-07-23,39.5324,39.5529,39.1743,39.3124,2178503,BAX
2014-07-24,39.3175,39.5427,39.205,39.3943,2326817,BAX
2014-07-25,39.4301,39.4813,38.9927,39.2152,1629792,BAX
2014-07-28,39.1385,39.2626,38.985,39.1231,1792079,BAX
2014-07-29,39.1794,39.3636,39.0515,39.0566,1854477,BAX
2014-07-30,39.3073,39.4966,38.6524,38.9287,2921104,BAX
2014-07-31,38.5859,38.7138,38.1255,38.2125,3411392,BAX
2014-08-01,38.1971,38.6163,38.0539,38.3557,2299978,BAX
2014-08-04,38.1818,38.3711,37.8594,38.3301,2827630,BAX
2014-08-05,38.412,38.5245,38.0564,38.0948,1851421,BAX
2014-08-06,37.8901,38.2329,37.885,38.105,1891982,BAX
2014-08-07,38.1408,38.238,37.6205,37.7418,1542883,BAX
2014-08-08,37.7418,38.0232,37.4808,37.8083,2173971,BAX
2014-08-11,37.9464,38.3557,37.8901,37.9618,1617415,BAX
2014-08-12,37.972,38.192,37.8032,37.9976,1463215,BAX
2014-08-13,38.2125,38.3711,38.0794,38.3506,1491468,BAX
2014-08-14,38.4836,38.4836,38.1459,38.2432,1599413,BAX
2014-08-15,38.3659,38.499,37.8594,38.0692,3680647,BAX
2014-08-18,38.2534,38.5604,38.1766,38.4785,1070421,BAX
2014-08-19,38.5552,38.6088,38.3045,38.4376,1383818,BAX
2014-08-20,38.4376,38.5808,38.2176,38.499,1394492,BAX
2014-08-21,39.0413,39.0566,38.7138,38.7803,2101616,BAX
2014-08-22,38.6627,38.7496,38.3404,38.3915,2258668,BAX
2014-08-25,38.5297,38.6857,38.4836,38.5757,1141263,BAX
2014-08-26,38.6576,38.7087,38.5552,38.6422,1119493,BAX
2014-08-27,38.6422,38.7036,38.3787,38.545,1626876,BAX
2014-08-28,38.4273,38.4683,38.1818,38.325,1604870,BAX
2014-08-29,38.3097,38.4478,38.1357,38.3608,1740001,BAX
2014-09-02,38.3455,38.4209,37.9464,38.0078,1903365,BAX
2014-09-03,38.1933,38.3273,38.0645,38.1109,2186679,BAX
2014-09-04,38.2036,38.5076,37.9305,37.9769,2393967,BAX
2014-09-05,38.049,38.3839,37.8744,38.2294,1711232,BAX
2014-09-08,38.1263,38.4612,38.1263,38.2397,1626172,BAX
2014-09-09,38.3376,38.3891,38.013,38.2654,1931949,BAX
2014-09-10,38.3376,38.8219,38.2088,38.7858,2881081,BAX
2014-09-11,38.6003,38.8219,38.4612,38.6879,1841486,BAX
2014-09-12,38.6673,38.827,38.3685,38.487,2116924,BAX
2014-09-15,38.5076,38.5076,38.1675,38.4097,1614278,BAX
2014-09-16,38.3788,38.713,38.2706,38.6364,1548920,BAX
2014-09-17,38.3839,38.3839,37.3844,37.4308,5801815,BAX
2014-09-18,37.5596,37.7348,37.2814,37.6626,3169148,BAX
2014-09-19,37.8481,37.8533,37.2711,37.3741,2837845,BAX
2014-09-22,37.302,37.338,36.9722,37.132,2200361,BAX
2014-09-23,36.9259,37.0804,36.8383,36.9516,2087666,BAX
2014-09-24,36.8537,37.2247,36.8537,37.1783,1887456,BAX
2014-09-25,37.0341,37.0392,36.6786,36.7249,1762827,BAX
2014-09-26,36.9053,37.369,36.8743,37.2401,3581790,BAX
2014-09-29,36.9104,37.2247,36.8434,37.0341,1634116,BAX
2014-09-30,37.0289,37.1069,36.8383,36.9774,2497994,BAX
2014-10-01,36.7146,36.9413,36.6013,36.8434,2728033,BAX
2014-10-02,36.8949,36.9303,36.4828,36.864,2239602,BAX
2014-10-03,37.1268,37.6111,37.1268,37.5647,3056894,BAX
2014-10-06,37.8069,37.8945,37.3586,37.4771,1964424,BAX
2014-10-07,37.3586,37.3947,36.8795,36.8795,1899488,BAX
2014-10-08,37.0238,37.6987,36.8795,37.6987,2394819,BAX
2014-10-09,37.575,37.7399,36.9465,36.998,2689237,BAX
2014-10-10,37.0134,37.2659,36.7095,36.7095,2396556,BAX
2014-10-13,36.6322,36.6991,35.8748,35.8903,2594530,BAX
2014-10-14,36.0242,36.2561,35.406,35.4781,3999643,BAX
2014-10-15,35.1999,35.272,34.3497,35.2102,4599369,BAX
2014-10-16,34.5198,35.643,34.5198,35.1277,5789270,BAX
2014-10-17,35.2153,35.4214,34.1952,34.6434,6499421,BAX
2014-10-20,34.664,35.0092,34.4193,35.0041,3202850,BAX
2014-10-21,35.0608,35.4523,34.9732,35.3699,3478909,BAX
2014-10-22,35.5193,35.5348,35.1921,35.2256,3233032,BAX
2014-10-23,35.5399,35.7924,35.5245,35.6017,2146565,BAX
2014-10-24,35.7305,36.0242,35.6224,35.9779,1650878,BAX
2014-10-27,36.0242,36.1582,35.8542,35.9882,1547208,BAX
2014-10-28,36.0191,36.2303,35.9006,36.2303,1892690,BAX
2014-10-29,36.1685,36.4055,36.0757,36.2767,2954417,BAX
2014-10-30,36.1942,36.1942,35.8078,36.0964,3586201,BAX
2014-10-31,36.4828,36.5034,35.9882,36.1376,3228989,BAX
2014-11-03,36.1324,36.1324,35.7666,35.9006,3223095,BAX
2014-11-04,35.6069,35.7563,35.1226,35.2668,8168616,BAX
2014-11-05,35.3287,36.6476,35.2359,36.5291,8169378,BAX
2014-11-06,36.5807,36.9774,36.4055,36.8898,4749780,BAX
2014-11-07,36.7146,36.7764,36.3127,36.3797,4166386,BAX
2014-11-10,36.3952,36.4622,36.1891,36.39,2678164,BAX
2014-11-11,36.4776,36.5807,36.2818,36.457,1703497,BAX
2014-11-12,36.4879,36.7919,36.3344,36.7507,2203205,BAX
2014-11-13,36.8022,37.2247,36.7507,37.1371,2915502,BAX
2014-11-14,36.9516,37.1165,36.8074,36.9671,2144320,BAX
2014-11-17,36.864,37.132,36.8125,37.0959,1674889,BAX
2014-11-18,37.2041,37.4153,37.0392,37.3947,2092291,BAX
2014-11-19,37.3535,37.4771,37.1989,37.3329,2187397,BAX
2014-11-20,37.2144,37.2711,36.8898,37.0907,3330716,BAX
2014-11-21,37.5081,37.5235,37.2582,37.3226,2148227,BAX
2014-11-24,37.4514,37.4514,37.2556,37.3226,2178385,BAX
2014-11-25,37.3226,37.4153,37.2247,37.3226,2850473,BAX
2014-11-26,37.4102,37.4102,37.2453,37.302,1380519,BAX
2014-11-28,37.5184,37.7141,37.4308,37.6111,1160271,BAX
2014-12-01,37.6781,37.7811,37.3844,37.5441,1932389,BAX
2014-12-02,37.7296,37.9924,37.5699,37.9666,2605564,BAX
2014-12-03,37.9355,38.3195,37.8421,38.2572,3077591,BAX
2014-12-04,38.0808,38.2001,37.8888,38.1742,2202213,BAX
2014-12-05,38.1015,38.6152,37.9978,38.5114,2726850,BAX
2014-12-08,38.4959,38.6775,38.2831,38.4596,1869870,BAX
2014-12-09,38.143,38.3143,37.9199,38.2883,2181187,BAX
2014-12-10,38.1275,38.335,37.7279,37.7539,2677223,BAX
2014-12-11,38.2053,38.2053,37.8006,37.9355,2440490,BAX
2014-12-12,37.6371,37.676,37.2402,37.2402,3302600,BAX
2014-12-15,37.3855,37.5411,36.8614,36.8925,3124477,BAX
2014-12-16,36.8666,37.4166,36.7005,36.7005,3018465,BAX
2014-12-17,36.7576,37.6449,36.659,37.4996,2587504,BAX
2014-12-18,37.977,38.4388,37.8265,38.4336,2688045,BAX
2014-12-19,38.4336,38.7968,38.0704,38.6464,3717555,BAX
2014-12-22,38.3869,39.0148,38.3869,38.7605,2284018,BAX
2014-12-23,39.02,39.0667,38.5789,38.6515,2284573,BAX
2014-12-24,38.5166,38.802,38.444,38.6308,855799,BAX
2014-12-26,38.5997,38.7813,38.5374,38.6879,897497,BAX
2014-12-29,38.5114,38.7709,38.4907,38.6048,1242649,BAX
2014-12-30,38.5997,38.7086,38.3713,38.4077,1401485,BAX
2014-12-31,38.335,38.6775,38.0133,38.0289,1463171,BAX
2015-01-02,38.1949,38.4129,37.8213,38.0393,2160840,BAX
2015-01-05,37.619,37.7176,36.9185,37.0949,3669194,BAX
2015-01-06,37.2142,37.3803,36.7939,36.8977,3764259,BAX
2015-01-07,37.2091,37.2817,36.7914,37.0741,3294739,BAX
2015-01-08,37.5048,38.1145,37.4841,38.0341,3079353,BAX
2015-01-09,37.9978,38.1171,37.5048,37.5567,2292912,BAX
2015-01-12,37.7124,37.8317,37.427,37.7331,2538956,BAX
2015-01-13,37.9511,38.3506,37.152,37.344,2890089,BAX
2015-01-14,37.0897,37.2298,36.8406,37.2194,2708001,BAX
2015-01-15,37.4218,37.5204,36.9548,37.0897,2030815,BAX
2015-01-16,37.0741,37.3959,36.7576,37.3647,2253837,BAX
2015-01-20,37.6812,37.6916,37.0638,37.2609,2741672,BAX
2015-01-21,37.2713,37.401,37.0119,37.0274,3028887,BAX
2015-01-22,37.2973,37.51,36.8614,37.4944,2728202,BAX
2015-01-23,37.4166,37.4633,37.0378,37.0638,1763824,BAX
2015-01-26,37.0586,37.1312,36.6902,36.7784,4553022,BAX
2015-01-27,36.6383,36.877,36.3425,36.6642,2955910,BAX
2015-01-28,36.8718,36.9185,36.4048,36.4048,4457954,BAX
2015-01-29,36.9859,37.3076,36.4619,37.0378,4908682,BAX
2015-01-30,36.8614,37.2921,36.4255,36.4826,5480220,BAX
2015-02-02,36.5138,36.6123,35.9015,36.602,2956040,BAX
2015-02-03,36.659,36.7939,36.1298,36.5553,3176660,BAX
2015-02-04,36.3529,36.7057,36.2699,36.3581,2556221,BAX
2015-02-05,36.8406,37.2661,36.685,37.0274,3327512,BAX
2015-02-06,36.9496,37.152,36.7472,36.8251,2832084,BAX
2015-02-09,36.6435,36.7888,35.9741,36.1765,3295138,BAX
2015-02-10,36.3996,36.5034,36.1505,36.4411,1988429,BAX
2015-02-11,36.4048,36.6175,35.8133,36.1609,2865843,BAX
2015-02-12,36.2284,36.3892,36.0986,36.3633,2097099,BAX
2015-02-13,36.192,36.5656,36.0519,36.5241,2172335,BAX
2015-02-17,36.2854,36.3633,36.0364,36.2128,3215523,BAX
2015-02-18,35.8029,35.8029,35.2165,35.4916,5725136,BAX
2015-02-19,35.3826,35.4085,34.9415,34.983,5890853,BAX
2015-02-20,34.9208,35.2632,34.2177,35.2321,10749554,BAX
2015-02-23,35.3048,35.8548,35.2555,35.6161,4017236,BAX
2015-02-24,35.6161,35.8703,35.5486,35.834,4882240,BAX
2015-02-25,35.8029,35.9015,35.6057,35.7302,3021217,BAX
2015-02-26,35.6472,35.8807,35.559,35.6317,2370863,BAX
2015-02-27,35.6835,36.0312,35.6109,35.8807,3292272,BAX
2015-03-02,35.8651,36.3373,35.834,36.301,3600060,BAX
2015-03-03,36.192,36.218,35.8651,36.0208,2420296,BAX
2015-03-04,36.0208,36.1142,35.7411,35.9326,2178117,BAX
2015-03-05,36.0623,36.1246,35.7821,35.9118,2034085,BAX
2015-03-06,35.751,35.7614,35.0661,35.1439,3946660,BAX
2015-03-09,35.3531,35.5204,35.1439,35.4001,2919261,BAX
2015-03-10,35.2276,35.6093,35.1544,35.4001,3785231,BAX
2015-03-11,35.5518,35.5518,34.9766,35.0393,3628168,BAX
2015-03-12,35.1125,35.2537,34.9975,35.0341,3322848,BAX
2015-03-13,35.0289,35.2799,34.9086,35.2224,3879137,BAX
2015-03-16,35.4315,35.808,35.4263,35.7819,2966222,BAX
2015-03-17,35.6145,36.0067,35.5309,35.8028,3403680,BAX
2015-03-18,35.7086,36.0172,35.3112,35.8446,4415376,BAX
2015-03-19,35.808,35.8917,35.4263,35.5465,4725828,BAX
2015-03-20,35.7505,35.9335,35.4629,35.6511,6849325,BAX
2015-03-23,35.6511,36.1766,35.5884,35.9962,4047509,BAX
2015-03-24,35.9021,36.0328,35.7662,35.8185,3998376,BAX
2015-03-25,35.7975,36.0694,35.5832,35.6302,3372054,BAX
2015-03-26,35.557,35.8917,35.4524,35.5675,3320458,BAX
2015-03-27,35.7557,35.8812,35.5556,35.8446,2114666,BAX
2015-03-30,35.9806,36.0015,35.7086,35.9544,2629728,BAX
2015-03-31,35.808,35.9858,35.7139,35.8185,2977810,BAX
2015-04-01,35.6616,35.7191,35.1596,35.3165,3917010,BAX
2015-04-02,35.2956,35.6877,35.0916,35.557,2593482,BAX
2015-04-06,35.6354,35.991,35.4315,35.8864,2239156,BAX
2015-04-07,35.876,36.4198,35.8517,36.2577,3171254,BAX
2015-04-08,36.2577,36.4459,36.1505,36.3414,2904202,BAX
2015-04-09,36.3361,36.7074,36.2159,36.6812,3581703,BAX
2015-04-10,36.608,36.9113,36.5139,36.9009,2478190,BAX
2015-04-13,36.927,36.927,36.5087,36.5348,3101955,BAX
2015-04-14,36.357,36.6551,36.2582,36.5923,3553726,BAX
2015-04-15,36.7335,36.8695,36.608,36.7074,2743835,BAX
2015-04-16,36.6342,36.7649,36.5296,36.6812,2866775,BAX
2015-04-17,36.4721,36.7022,36.3936,36.5557,2402558,BAX
2015-04-20,36.6394,36.9584,36.6342,36.791,2389746,BAX
2015-04-21,36.8433,36.9139,36.5296,36.6289,3923424,BAX
2015-04-22,36.7597,36.8381,36.4721,36.8015,2669870,BAX
2015-04-23,36.8747,37.6826,36.6133,37.3924,4619308,BAX
2015-04-24,37.3296,37.3349,36.9322,37.1989,3004902,BAX
2015-04-27,37.1884,37.3558,36.7623,36.7963,2901564,BAX
2015-04-28,36.608,36.791,36.378,36.7231,2181582,BAX
2015-04-29,36.6394,36.7126,36.3204,36.4721,1997645,BAX
2015-04-30,36.3204,36.3204,35.8132,35.944,2428928,BAX
2015-05-01,36.0328,36.357,35.9701,36.3047,2029278,BAX
2015-05-04,36.3466,36.6655,36.3047,36.5714,1999813,BAX
2015-05-05,36.5087,36.6028,36.2891,36.4198,2460852,BAX
2015-05-06,36.5819,36.5955,35.9126,36.0328,2495879,BAX
2015-05-07,36.2002,36.4721,35.8603,36.2525,2637735,BAX
2015-05-08,36.5662,36.6394,36.2028,36.3884,1974688,BAX
2015-05-11,36.2891,36.3361,36.1008,36.2211,2841040,BAX
2015-05-12,36.1636,36.2838,35.8551,35.8917,3278088,BAX
2015-05-13,35.8707,36.0119,35.5256,35.6093,2826921,BAX
2015-05-14,35.8185,36.1374,35.6825,36.1008,2493030,BAX
2015-05-15,36.1845,36.4041,36.1008,36.2681,3396377,BAX
2015-05-18,36.3047,36.3361,35.2799,35.6877,7262250,BAX
2015-05-19,35.7557,36.106,35.6198,35.808,5157710,BAX
2015-05-20,35.8237,35.9021,35.4629,35.5309,4364570,BAX
2015-05-21,35.4943,35.5675,35.1282,35.3165,5425847,BAX
2015-05-22,35.2956,35.5962,35.1936,35.2276,3419898,BAX
2015-05-26,35.2433,35.3478,35.0916,35.1491,3611868,BAX
2015-05-27,35.238,35.2694,34.8877,35.055,5737379,BAX
2015-05-28,35.2237,35.4397,35.1973,35.387,4819273,BAX
2015-05-29,35.4134,35.4977,34.8706,35.1025,6394086,BAX
2015-06-01,35.1973,35.2658,34.7942,34.9655,4754497,BAX
2015-06-02,34.8601,35.084,34.7915,34.976,4794106,BAX
2015-06-03,35.0867,35.113,34.6703,34.7283,6733233,BAX
2015-06-04,34.5755,34.6914,34.3278,34.5808,5711625,BAX
2015-06-05,34.5175,34.5702,34.2329,34.2646,4331697,BAX
2015-06-08,34.3067,34.3331,34.0063,34.0116,3765118,BAX
2015-06-09,33.9905,34.0116,33.7323,33.7692,5313062,BAX
2015-06-10,33.8851,34.8601,33.8061,34.7915,9671514,BAX
2015-06-11,34.7968,36.0458,34.7388,35.972,12780297,BAX
2015-06-12,35.8982,36.1248,35.7296,35.972,9893591,BAX
2015-06-15,35.8086,35.9404,35.5082,35.8034,6154278,BAX
2015-06-16,35.8034,36.1195,35.4924,35.7559,9330046,BAX
2015-06-17,35.8771,36.0721,35.5082,35.914,6303019,BAX
2015-06-18,35.9351,36.6281,35.9193,36.4937,7440028,BAX
2015-06-19,36.5306,36.8547,36.3672,36.578,7706788,BAX
2015-06-22,36.5728,37.1287,36.4463,36.9048,6945112,BAX
2015-06-23,36.8784,37.3263,36.6465,37.242,6566721,BAX
2015-06-24,37.3896,37.9113,37.3474,37.7532,10443829,BAX
2015-06-25,37.574,38.2275,37.495,38.1221,9423492,BAX
2015-06-26,38.0957,38.3856,37.7796,37.9008,13048232,BAX
2015-06-29,37.495,37.8691,37.2051,37.2315,6696005,BAX
2015-06-30,37.4844,37.495,36.7835,36.8521,9944716,BAX
2015-07-01,36.4252,37.7736,36.3088,37.696,24435196,BAX
2015-07-02,37.6087,37.6862,37.0557,37.1527,20257093,BAX
2015-07-06,37.0072,37.2594,36.6192,36.9005,17521460,BAX
2015-07-07,36.755,36.8617,35.3873,35.9984,17082709,BAX
2015-07-08,35.8723,36.0372,35.3097,35.4067,7799330,BAX
2015-07-09,35.9693,35.979,35.6335,35.9111,10327207,BAX
2015-07-10,36.2215,36.5853,35.8238,36.4834,10109590,BAX
2015-07-13,36.5998,36.5998,36.173,36.4737,8969145,BAX
2015-07-14,36.3573,36.658,36.2118,36.5998,11630986,BAX
2015-07-15,36.6289,36.6774,36.4058,36.5707,12867404,BAX
2015-07-16,36.6289,36.692,36.4155,36.6386,8280712,BAX
2015-07-17,36.6095,36.6968,36.1536,36.2409,8858542,BAX
2015-07-20,36.3088,36.6192,36.1439,36.5319,12162874,BAX
2015-07-21,36.5222,36.755,36.4689,36.7162,7290911,BAX
2015-07-22,36.5998,36.7259,36.5174,36.5804,8715361,BAX
2015-07-23,36.6677,37.0654,36.6289,36.8326,10271983,BAX
2015-07-24,36.6677,36.8326,36.464,36.5125,6613015,BAX
2015-07-27,36.4737,36.7647,36.3767,36.5707,8897969,BAX
2015-07-28,36.8229,37.0072,36.5513,36.949,8299880,BAX
2015-07-29,37.0363,37.599,36.9102,37.3468,8413912,BAX
2015-07-30,36.6871,38.8697,36.5804,38.8115,14504032,BAX
2015-07-31,38.5593,38.9473,38.5302,38.8794,11660315,BAX
2015-08-03,38.7242,38.8697,38.2101,38.3265,6949630,BAX
2015-08-04,39.1995,39.8495,38.5593,39.1025,76058804,BAX
2015-08-05,39.345,42.1388,39.1898,40.868,40376553,BAX
2015-08-06,40.6352,41.2851,40.5285,40.674,23178468,BAX
2015-08-07,40.6837,41.4258,40.2181,40.6255,11530494,BAX
2015-08-10,40.771,41.1736,40.674,40.7807,9214278,BAX
2015-08-11,40.4412,40.7225,40.2472,40.5091,6935530,BAX
2015-08-12,40.3151,40.3927,39.1995,39.5973,7758531,BAX
2015-08-13,39.5876,39.8107,39.2965,39.5973,4966905,BAX
2015-08-14,39.8689,39.8689,39.442,39.6749,4402499,BAX
2015-08-17,39.5294,39.5876,39.2529,39.5391,6676289,BAX
2015-08-18,39.4712,39.7525,39.3062,39.3741,4177115,BAX
2015-08-19,39.2674,39.3644,38.86,38.9376,6773847,BAX
2015-08-20,38.8018,38.9376,38.3265,38.4235,7850947,BAX
2015-08-21,38.0743,38.2295,36.8714,37.1333,15192691,BAX
2015-08-24,35.2806,36.5513,33.4666,36.0566,15628794,BAX
2015-08-25,36.852,36.852,35.7753,35.8626,10118072,BAX
2015-08-26,36.4931,36.6774,35.6055,36.5416,8622274,BAX
2015-08-27,36.8326,37.6087,36.6095,37.4341,9217800,BAX
2015-08-28,37.3468,37.8803,37.1915,37.5893,6382399,BAX
2015-08-31,37.4923,37.7445,37.2206,37.2983,4810125,BAX
2015-09-01,36.5416,36.852,35.8432,36.1148,6330721,BAX
2015-09-02,36.6159,36.6451,36.0029,36.3921,3414136,BAX
2015-09-03,36.5283,36.7716,35.9251,36.0515,5842303,BAX
2015-09-04,35.5748,35.7207,34.9423,35.1661,8565048,BAX
2015-09-08,35.8375,35.8569,35.3558,35.5261,8096774,BAX
2015-09-09,36.0418,36.2559,35.2731,35.3315,4296857,BAX
2015-09-10,35.2731,35.3412,34.7866,35.098,5880799,BAX
2015-09-11,34.9325,35.2245,34.9131,35.0493,3885216,BAX
2015-09-14,34.9909,35.1661,34.7574,35.0007,3269878,BAX
2015-09-15,34.952,35.4093,34.9228,35.2731,3137807,BAX
2015-09-16,35.3023,35.3899,35.0104,35.2342,3037820,BAX
2015-09-17,35.2731,35.8861,35.1503,35.3704,3351158,BAX
2015-09-18,34.9228,35.3023,34.9033,35.2731,6928061,BAX
2015-09-21,35.458,35.711,34.9423,34.9812,4208014,BAX
2015-09-22,34.6309,34.6601,33.9011,34.5239,6022884,BAX
2015-09-23,34.6212,35.0104,34.373,34.7963,4406516,BAX
2015-09-24,34.592,34.6212,33.833,34.339,6047330,BAX
2015-09-25,34.5725,34.5822,33.327,33.5216,3936237,BAX
2015-09-28,33.327,33.4146,31.6436,31.7117,7741673,BAX
2015-09-29,31.6631,32.354,31.3468,31.809,9033843,BAX
2015-09-30,32.2177,32.354,31.6923,31.9647,6117568,BAX
2015-10-01,31.809,31.9745,31.4344,31.848,5616118,BAX
2015-10-02,31.5463,32.6653,31.4986,32.6459,7624297,BAX
2015-10-05,32.9183,32.9475,32.2177,32.4026,7007136,BAX
2015-10-06,32.4318,32.5972,31.4986,31.4004,9273736,BAX
2015-10-07,31.4977,32.062,31.3809,32.0231,7621982,BAX
2015-10-08,32.0426,32.4318,31.7409,32.354,6958864,BAX
2015-10-09,32.2956,32.5729,32.2566,32.315,4960243,BAX
2015-10-12,32.2761,32.6264,32.208,32.568,3747593,BAX
2015-10-13,32.4415,32.6264,32.1739,32.208,6068289,BAX
2015-10-14,32.2372,32.3734,32.0328,32.1593,3246753,BAX
2015-10-15,32.2664,32.8697,32.0718,32.7918,4024757,BAX
2015-10-16,32.9475,33.2492,32.7237,33.0059,4708304,BAX
2015-10-19,32.9475,33.1665,32.8648,33.1032,4482490,BAX
2015-10-20,33.0546,33.5703,32.9641,33.3367,5599655,BAX
2015-10-21,33.5605,34.7185,33.4827,34.6406,12740844,BAX
2015-10-22,34.6893,34.699,33.5022,33.9789,7132700,BAX
2015-10-23,34.1833,34.6698,34.0957,34.446,4959188,BAX
2015-10-26,34.5141,35.1953,34.446,34.9423,6671332,BAX
2015-10-27,35.0785,35.9834,35.0785,35.6526,5736080,BAX
2015-10-28,35.5845,36.5478,35.0882,36.2462,10065232,BAX
2015-10-29,36.1878,36.7424,36.0856,36.577,6967214,BAX
2015-10-30,36.5867,36.6256,36.2997,36.3824,6100638,BAX
2015-11-02,36.4992,36.8397,36.3921,36.7521,3848641,BAX
2015-11-03,36.7619,37.3554,36.5867,37.19,4684640,BAX
2015-11-04,37.1219,37.7447,36.4505,36.5575,5725132,BAX
2015-11-05,36.7132,36.8495,36.217,36.5381,3446005,BAX
2015-11-06,36.4408,36.9468,36.2462,36.9468,2965480,BAX
2015-11-09,36.7911,36.937,36.4408,36.6451,3454324,BAX
2015-11-10,36.5673,37.0441,36.4408,36.9565,3779056,BAX
2015-11-11,36.9759,37.083,36.7813,36.8592,3579896,BAX
2015-11-12,36.4797,36.7813,36.3435,36.4505,2826132,BAX
2015-11-13,36.5089,36.83,36.3921,36.5575,3127540,BAX
2015-11-16,36.3727,36.937,36.3143,36.9078,3842294,BAX
2015-11-17,36.8884,36.9857,36.5381,36.7521,3157398,BAX
2015-11-18,36.8884,37.1316,36.7521,37.0441,3950373,BAX
2015-11-19,36.9273,37.0937,36.7035,36.8884,2782987,BAX
2015-11-20,37.083,37.5209,36.9759,37.2776,6892352,BAX
2015-11-23,37.2095,37.2484,36.8786,37.0441,5250333,BAX
2015-11-24,36.6938,37.4187,36.6938,37.0149,6299495,BAX
2015-11-25,37.0538,37.0538,36.7035,36.8592,2677888,BAX
2015-11-27,36.8203,36.8592,36.6354,36.6646,1737246,BAX
2015-11-30,36.7132,36.8349,36.4602,36.6354,5449229,BAX
2015-12-01,36.8592,37.0149,36.6062,36.9176,3694489,BAX
2015-12-02,37.0005,37.0884,36.4149,36.4637,2976497,BAX
2015-12-03,36.5711,36.7956,35.9367,35.9855,6117109,BAX
2015-12-04,36.0245,36.8248,36.0245,36.6394,4767865,BAX
2015-12-07,36.6004,36.8736,36.4442,36.8248,3592548,BAX
2015-12-08,36.6004,36.6199,36.1416,36.3076,2260193,BAX
2015-12-09,36.0245,36.6004,35.7711,35.8879,2123711,BAX
2015-12-10,35.9562,36.7077,35.7903,36.3856,3727368,BAX
2015-12-11,36.005,37.4788,35.6634,35.9562,3339640,BAX
2015-12-14,35.966,36.0928,35.212,35.6536,4524721,BAX
2015-12-15,35.9074,36.5028,35.8879,36.3661,3423370,BAX
2015-12-16,36.5028,36.981,36.2636,36.9224,4320256,BAX
2015-12-17,36.8834,36.9322,36.4735,36.6394,2667148,BAX
2015-12-18,36.4442,36.4832,35.7707,35.7707,5620721,BAX
2015-12-21,35.8586,36.0489,35.4828,35.8,2578396,BAX
2015-12-22,35.9269,36.8151,35.762,36.7175,4051100,BAX
2015-12-23,36.8053,37.4202,36.6589,37.225,4177391,BAX
2015-12-24,37.1469,37.4592,37.1445,37.2348,2762245,BAX
2015-12-28,37.1079,37.3909,36.9517,37.225,2699258,BAX
2015-12-29,37.469,37.7618,37.3812,37.6349,3282265,BAX
2015-12-30,37.5568,37.7228,37.0786,37.1372,2910177,BAX
2015-12-31,36.9517,37.6252,36.8151,37.2348,3521709,BAX
2016-01-04,36.7565,36.7858,35.966,36.2783,6261019,BAX
2016-01-05,36.2685,36.532,35.9855,36.4247,4345749,BAX
2016-01-06,35.9074,36.6296,35.8683,36.5125,10814729,BAX
2016-01-07,36.005,36.1514,35.2876,35.9074,7258204,BAX
2016-01-08,35.9855,36.0733,35.2437,35.3315,5440513,BAX
2016-01-11,35.4389,35.6243,34.3946,34.7362,5010750,BAX
2016-01-12,34.9314,35.3511,34.1115,34.6288,5281836,BAX
2016-01-13,34.8826,35.3315,33.9261,33.9944,5592493,BAX
2016-01-14,34.1311,34.6971,33.9163,34.4629,11573460,BAX
2016-01-15,33.7406,34.6093,33.7114,34.2579,6550632,BAX
2016-01-19,34.5995,34.6483,34.0823,34.5117,6271016,BAX
2016-01-20,33.9847,34.2189,33.2429,33.9261,5797507,BAX
2016-01-21,33.9651,34.5903,33.7406,34.4043,3436510,BAX
2016-01-22,34.8923,35.2632,34.8533,35.2047,3005673,BAX
2016-01-25,35.1656,35.6243,35.068,35.1851,3869996,BAX
2016-01-26,35.273,35.6829,35.1168,35.6634,2262784,BAX
2016-01-27,35.556,36.3564,35.4622,35.6243,6976810,BAX
2016-01-28,36.0733,36.3368,34.5703,34.8435,6941507,BAX
2016-01-29,34.785,35.7512,34.7752,35.7219,8212222,BAX
2016-02-01,35.4975,36.5906,35.4096,36.3856,9933096,BAX
2016-02-02,36.6004,37.3714,35.4975,37.0396,9251768,BAX
2016-02-03,37.3128,37.5276,36.5223,37.3421,8133554,BAX
2016-02-04,37.4104,37.5958,36.8736,37.3714,6869802,BAX
2016-02-05,37.186,37.3812,36.3661,36.5906,5029537,BAX
2016-02-08,36.1904,36.2588,34.6874,35.1363,6256049,BAX
2016-02-09,35.0192,35.7024,34.9216,35.3218,4552784,BAX
2016-02-10,35.6048,36.5564,35.517,36.0245,3780126,BAX
2016-02-11,35.4194,35.6829,34.8826,35.0192,5006506,BAX
2016-02-12,35.2437,35.7512,34.9314,35.7317,3560892,BAX
2016-02-16,35.9952,36.5613,35.7903,36.5125,4289097,BAX
2016-02-17,36.7663,37.6447,36.7663,37.2933,4610445,BAX
2016-02-18,37.225,37.4202,36.9956,37.1567,3963661,BAX
2016-02-19,37.0688,37.1176,36.4637,36.7468,12723936,BAX
2016-02-22,37.2543,37.5471,36.981,37.4885,4694986,BAX
2016-02-23,37.2348,37.4885,36.7858,37.4202,3495120,BAX
2016-02-24,37.02,38.0839,36.8736,38.0351,3975679,BAX
2016-02-25,38.1327,38.9037,37.9668,38.8842,4347320,BAX
2016-02-26,38.8745,39.5869,38.445,38.4841,6168368,BAX
2016-02-29,38.5329,39.0892,38.4353,38.5621,6517000,BAX
2016-03-01,38.6988,39.0404,38.3084,39.0209,4163695,BAX
2016-03-02,38.6831,39.0943,38.6831,38.8691,3541439,BAX
2016-03-03,38.644,38.6929,38.1644,38.4972,4829596,BAX
2016-03-04,38.3993,38.9181,38.1644,38.6244,4912982,BAX
2016-03-07,38.458,39.1481,38.3797,38.9768,3799776,BAX
2016-03-08,38.83,39.0062,38.5755,38.7419,3128558,BAX
2016-03-09,38.9181,39.0453,38.228,38.7517,2609186,BAX
2016-03-10,38.9083,39.3243,38.5853,38.9572,3806315,BAX
2016-03-11,39.1236,39.6424,39.0355,39.6228,2612852,BAX
2016-03-14,39.339,39.8088,39.2019,39.5837,2475677,BAX
2016-03-15,39.2117,39.3879,39.0453,39.2704,2225128,BAX
2016-03-16,39.2313,39.4466,38.8495,39.1823,2298126,BAX
2016-03-17,39.153,39.153,38.4482,38.8789,2478548,BAX
2016-03-18,38.9376,39.5543,38.7223,39.2802,6178293,BAX
2016-03-21,39.2802,39.4075,39.0257,39.2019,3641022,BAX
2016-03-22,39.1138,39.9752,39.0682,39.7403,4553809,BAX
2016-03-23,39.8577,40.2003,39.4662,39.8284,8920790,BAX
2016-03-24,39.5054,39.6522,39.0551,39.2607,4569222,BAX
2016-03-28,39.2998,39.7892,39.1334,39.6228,2630967,BAX
2016-03-29,39.6228,40.494,39.4173,40.4059,3976385,BAX
2016-03-30,40.4157,40.5724,40.0731,40.3863,5153579,BAX
2016-03-31,40.4548,40.6212,40.1808,40.2101,5681080,BAX
2016-04-01,39.8577,40.8464,39.662,40.8072,3811652,BAX
2016-04-04,40.8659,41.414,40.7289,41.1889,4351504,BAX
2016-04-05,40.9149,41.1008,40.2688,40.4352,5425343,BAX
2016-04-06,40.3276,41.3358,40.3276,41.326,4387884,BAX
2016-04-07,41.1498,41.4043,40.4744,40.8464,3392849,BAX
2016-04-08,41.0323,41.1107,40.68,40.954,2115677,BAX
2016-04-11,41.0715,41.3309,40.9149,41.0519,3529950,BAX
2016-04-12,41.0323,41.2526,40.8366,41.14,2815591,BAX
2016-04-13,41.3064,41.5217,41.2183,41.4434,2205084,BAX
2016-04-14,41.9035,42.0699,41.4532,41.7469,3522790,BAX
2016-04-15,41.7371,41.786,41.5315,41.786,3798729,BAX
2016-04-18,41.6294,42.3293,41.6294,42.1873,6144337,BAX
2016-04-19,42.1678,42.5789,42.0601,42.4516,5773221,BAX
2016-04-20,42.4516,42.5984,42.1776,42.344,5090481,BAX
2016-04-21,42.3733,42.5397,41.9622,42.0992,4023498,BAX
2016-04-22,42.1873,42.667,42.0895,42.4027,33386654,BAX
2016-04-25,42.3929,42.7648,42.3342,42.7061,16409392,BAX
2016-04-26,43.0683,43.8024,42.6082,43.0389,14621373,BAX
2016-04-27,43.4011,43.8318,43.1368,43.2445,11937938,BAX
2016-04-28,43.1172,43.7241,43.0193,43.3228,16267759,BAX
2016-04-29,43.1857,43.6654,42.9068,43.2836,8992163,BAX
2016-05-02,43.45,43.773,43.3032,43.7632,6968985,BAX
2016-05-03,43.4207,43.9982,43.3717,43.45,16850842,BAX
2016-05-04,43.3326,44.2918,43.2102,44.1646,15993092,BAX
2016-05-05,44.1254,44.4974,43.9541,44.3408,21337348,BAX
2016-05-06,44.2429,44.4974,43.6654,44.1156,21284082,BAX
2016-05-09,44.0863,44.5512,44.0863,44.1939,20858385,BAX
2016-05-10,44.096,44.7029,43.8709,44.5365,21345807,BAX
2016-05-11,44.3408,45.5251,44.282,45.4077,34540720,BAX
2016-05-12,45.5741,45.9558,44.2625,44.6638,21637769,BAX
2016-05-13,44.5953,44.9378,44.2673,44.5561,24874078,BAX
2016-05-16,44.4288,44.9036,44.3408,44.5072,25229832,BAX
2016-05-17,44.3897,44.8106,43.2836,43.6556,33325949,BAX
2016-05-18,43.6458,44.1254,43.1074,44.1254,35556003,BAX
2016-05-19,43.4305,43.7045,42.1384,42.2461,18350137,BAX
2016-05-20,42.432,42.5887,41.9818,42.0112,11681644,BAX
2016-05-23,42.0405,42.1678,41.6686,41.7958,4981136,BAX
2016-05-24,41.9133,42.99,41.879,42.7355,18388304,BAX
2016-05-25,42.9998,42.9998,42.2461,42.5789,10747349,BAX
2016-05-26,42.7061,42.8113,42.3342,42.5104,14075704,BAX
2016-05-27,42.5495,42.6278,42.2363,42.3929,7582534,BAX
2016-05-31,42.3929,42.5201,42.0112,42.2465,7448889,BAX
2016-06-01,42.217,42.6097,42.055,42.541,4804724,BAX
2016-06-02,42.5214,42.8061,42.325,42.6392,4482887,BAX
2016-06-03,42.3643,42.7864,42.2857,42.6883,3582733,BAX
2016-06-06,42.7079,43.1693,42.6293,43.1693,7498741,BAX
2016-06-07,43.1399,43.3853,42.973,43.1301,3446910,BAX
2016-06-08,43.0613,43.8075,43.0122,43.7879,4372477,BAX
2016-06-09,43.7191,43.9744,43.4148,43.9351,3770068,BAX
2016-06-10,43.6013,43.7731,43.2577,43.6799,3331031,BAX
2016-06-13,43.3166,43.9646,43.3166,43.6013,3145216,BAX
2016-06-14,43.5031,43.7879,43.2577,43.6308,3924766,BAX
2016-06-15,43.7879,43.8173,43.3755,43.405,2429448,BAX
2016-06-16,43.3362,43.8075,43.2086,43.7584,3558812,BAX
2016-06-17,43.8173,43.8563,43.1988,43.6308,5158086,BAX
2016-06-20,44.0137,44.2297,43.729,44.1413,7286896,BAX
2016-06-21,44.2297,44.2886,43.778,44.1904,2810468,BAX
2016-06-22,44.2689,44.3377,43.9646,44.1217,5369179,BAX
2016-06-23,44.3573,45.1231,44.3377,45.1231,3274706,BAX
2016-06-24,44.0235,44.0235,42.9239,43.0515,11204951,BAX
2016-06-27,42.757,42.757,41.4512,41.5788,7807872,BAX
2016-06-28,41.9225,42.6195,41.5396,42.5901,6167427,BAX
2016-06-29,42.9828,44.0235,42.9828,44.0039,4085120,BAX
2016-06-30,44.1708,44.4113,43.9449,44.3966,5242502,BAX
2016-07-01,44.3573,44.6715,44.21,44.6224,2377157,BAX
2016-07-05,44.426,44.75,44.3278,44.4849,3980847,BAX
2016-07-06,44.4064,45.2704,44.1708,45.1526,4877019,BAX
2016-07-07,45.0838,45.5158,45.0249,45.2802,2485362,BAX
2016-07-08,45.4667,45.8202,45.3293,45.8005,3256773,BAX
2016-07-11,46.0165,46.046,45.5256,45.6434,4482477,BAX
2016-07-12,45.6533,46.2767,45.5453,45.9969,3544654,BAX
2016-07-13,46.2718,46.3602,45.8889,45.9674,2485229,BAX
2016-07-14,46.2325,46.3454,45.8889,46.0951,2907113,BAX
2016-07-15,46.2227,46.3405,45.7122,45.9183,2961651,BAX
2016-07-18,45.9576,46.0067,45.4962,45.7024,2811905,BAX
2016-07-19,45.5944,45.6787,45.0642,45.3587,3484946,BAX
2016-07-20,45.6336,46.0067,45.614,45.8496,1663151,BAX
2016-07-21,45.7907,45.8693,45.0347,45.2605,2369152,BAX
2016-07-22,45.3391,45.4765,44.8384,45.4765,2980721,BAX
2016-07-25,45.5453,45.5944,45.0347,45.2605,2601083,BAX
2016-07-26,45.7024,47.2094,45.6238,47.1358,6844595,BAX
2016-07-27,47.1358,47.6168,46.6081,47.4401,5926373,BAX
2016-07-28,47.4303,47.607,47.0867,47.3419,3776903,BAX
2016-07-29,47.3027,47.4598,46.9492,47.1456,5489155,BAX
2016-08-01,47.1849,47.8721,47.1161,47.6168,4063868,BAX
2016-08-02,47.5874,47.8034,47.3419,47.5972,4180479,BAX
2016-08-03,47.5088,47.5481,47.0867,47.2438,2531131,BAX
2016-08-04,47.2143,47.4696,46.8805,47.2045,4607929,BAX
2016-08-05,47.4205,47.5187,47.1456,47.1849,2323794,BAX
2016-08-08,47.2045,47.4303,47.0572,47.1063,2609589,BAX
2016-08-09,47.1849,47.391,47.0867,47.2732,1897740,BAX
2016-08-10,47.3223,47.8083,47.1554,47.715,4132241,BAX
2016-08-11,47.7248,48.5839,47.715,48.1372,3499862,BAX
2016-08-12,48.2256,48.2256,47.5678,47.7052,2273647,BAX
2016-08-15,47.8132,48.0881,47.5088,47.5285,2312297,BAX
2016-08-16,47.3714,47.4745,47.175,47.3616,3383129,BAX
2016-08-17,47.4205,47.4696,46.6841,47.1063,3769052,BAX
2016-08-18,47.0278,47.3567,46.9787,47.1358,3314025,BAX
2016-08-19,46.9983,47.1849,46.7234,47.0769,3084566,BAX
2016-08-22,46.802,47.2143,46.802,47.1063,2887270,BAX
2016-08-23,47.1947,47.4696,47.067,47.1063,2280837,BAX
2016-08-24,47.1554,47.4598,46.1098,46.2031,3513464,BAX
2016-08-25,46.1343,46.7332,46.0558,46.2423,5112683,BAX
2016-08-26,46.3798,46.6743,46.0656,46.3209,3197948,BAX
2016-08-29,46.4289,46.6743,46.2914,46.5467,3494534,BAX
2016-08-30,46.8609,46.8609,45.9233,46.0365,3304393,BAX
2016-08-31,46.1153,46.2039,45.8002,46.007,3553712,BAX
2016-09-01,46.0267,46.0562,45.1997,45.4655,4249317,BAX
2016-09-02,45.6624,45.7215,45.367,45.5639,3081365,BAX
2016-09-06,45.5246,45.6821,44.7763,45.239,5956553,BAX
2016-09-07,45.1406,45.4163,45.0618,45.1898,3992677,BAX
2016-09-08,45.1209,45.6624,45.0441,45.3572,5145204,BAX
2016-09-09,45.0224,45.2686,44.3825,44.3924,4613297,BAX
2016-09-12,44.1758,45.1406,43.9985,45.0224,4486106,BAX
2016-09-13,44.6976,45.239,44.4662,44.6779,5529724,BAX
2016-09-14,44.6483,45.1504,44.5302,44.7271,3772242,BAX
2016-09-15,44.8354,46.5485,44.7172,46.3417,6337608,BAX
2016-09-16,46.3614,46.6666,46.0267,46.5485,14556977,BAX
2016-09-19,46.6272,47.0407,46.3909,46.5189,3026224,BAX
2016-09-20,46.6961,47.0112,46.6371,46.6568,4296189,BAX
2016-09-21,46.6568,47.2475,46.5878,47.1786,2752603,BAX
2016-09-22,47.3361,47.5166,47.2573,47.4542,5581034,BAX
2016-09-23,47.2376,47.2475,46.6174,46.7552,3310652,BAX
2016-09-26,46.6075,46.6863,46.2826,46.4697,2418383,BAX
2016-09-27,46.5682,46.7355,46.2826,46.5977,3376963,BAX
2016-09-28,46.6568,47.1983,46.4303,47.1786,3489139,BAX
2016-09-29,47.09,47.09,45.9971,46.194,3310875,BAX
2016-09-30,46.4106,47.0309,46.2826,46.8635,3176089,BAX
2016-10-03,46.5682,46.9423,46.3122,46.9029,2601535,BAX
2016-10-04,46.8438,47.021,46.2334,46.5583,2548235,BAX
2016-10-05,46.6469,47.1983,46.6272,47.1786,3071165,BAX
2016-10-06,47.0506,47.4739,46.9226,47.4739,2955755,BAX
2016-10-07,47.6216,47.7988,47.2918,47.7004,3583251,BAX
2016-10-10,47.9071,48.0843,47.4345,47.5527,2886026,BAX
2016-10-11,47.3952,47.4247,45.9774,46.2826,2886483,BAX
2016-10-12,46.4205,46.5977,46.1153,46.2531,2782823,BAX
2016-10-13,46.2236,47.149,45.9184,46.9817,6311774,BAX
2016-10-14,47.2573,47.5035,46.642,46.7158,4489773,BAX
2016-10-17,46.706,46.8143,46.5879,46.6371,2470816,BAX
2016-10-18,47.0407,47.3656,46.6272,47.3164,2720284,BAX
2016-10-19,47.3755,47.5035,46.7651,47.09,2822241,BAX
2016-10-20,47.0506,47.5871,46.9817,47.4444,2066667,BAX
2016-10-21,47.0703,47.4936,46.8537,47.4345,3667025,BAX
2016-10-24,47.7988,48.1483,47.5527,47.6905,5544883,BAX
2016-10-25,49.1673,49.3839,48.1532,48.3994,9771390,BAX
2016-10-26,48.3698,48.4289,46.5682,46.706,6697618,BAX
2016-10-27,46.9324,46.9324,45.8298,46.0956,5657172,BAX
2016-10-28,46.1842,47.0079,46.0267,46.4697,4525080,BAX
2016-10-31,46.4697,46.9669,46.0464,46.8537,4176464,BAX
2016-11-01,46.9127,46.9226,45.8593,46.1645,7288040,BAX
2016-11-02,46.1251,46.6075,45.9479,46.0168,5649907,BAX
2016-11-03,46.2039,46.5534,46.1103,46.1547,3193520,BAX
2016-11-04,46.322,46.6814,46.1596,46.263,3187388,BAX
2016-11-07,46.8734,48.5274,46.6863,46.8832,2376455,BAX
2016-11-08,46.7749,47.6019,46.6174,47.3361,4412688,BAX
2016-11-09,47.1195,47.2573,45.0914,45.879,7559689,BAX
2016-11-10,46.3023,47.2376,46.1448,47.0998,4331075,BAX
2016-11-11,47.0506,47.277,46.066,46.0956,3402757,BAX
2016-11-14,46.1842,46.2728,44.2644,44.3234,5467225,BAX
2016-11-15,44.4908,45.4753,44.3333,45.3572,4520285,BAX
2016-11-16,45.367,45.9479,45.2686,45.3277,4743799,BAX
2016-11-17,45.3769,46.4205,45.3277,46.3713,4135600,BAX
2016-11-18,46.3713,46.4599,46.0759,46.2531,2399253,BAX
2016-11-21,46.4894,46.6961,46.194,46.3319,1998681,BAX
2016-11-22,46.1645,46.1645,44.8945,45.4655,5318725,BAX
2016-11-23,45.308,46.071,45.2883,45.8396,2321098,BAX
2016-11-25,46.0562,46.3122,45.8987,45.9971,1117020,BAX
2016-11-28,45.8593,46.2137,45.8101,45.8888,2468027,BAX
2016-11-29,45.9577,46.0562,43.9887,44.0675,10201452,BAX
2016-11-30,44.1168,44.2155,42.695,43.8107,9351070,BAX
2016-12-01,43.8601,44.2155,42.774,43.08,8849683,BAX
2016-12-02,43.2282,43.6429,43.1393,43.4553,5933939,BAX
2016-12-05,43.5836,43.7613,42.9517,43.3368,7128076,BAX
2016-12-06,43.5244,43.8897,42.9221,43.4355,5269885,BAX
2016-12-07,43.08,43.712,42.5863,43.5639,5871303,BAX
2016-12-08,43.3763,43.6431,43.1985,43.5244,2771435,BAX
2016-12-09,43.6527,44.3044,43.5342,44.2748,2493568,BAX
2016-12-12,44.1267,44.7389,44.1267,44.4229,2516926,BAX
2016-12-13,44.5414,44.8475,44.2057,44.4525,2564733,BAX
2016-12-14,44.5414,44.8179,44.3439,44.4723,3210436,BAX
2016-12-15,44.3933,44.7389,44.1887,44.5216,3640858,BAX
2016-12-16,44.6006,44.6401,44.0082,44.1563,6990852,BAX
2016-12-19,44.2847,44.5315,44.0378,44.0773,2179584,BAX
2016-12-20,44.1366,44.1958,43.4454,43.5441,3283643,BAX
2016-12-21,43.5145,43.7613,43.2578,43.5342,2103453,BAX
2016-12-22,43.5935,43.8206,43.4651,43.6034,1728821,BAX
2016-12-23,43.6429,43.8403,43.4708,43.6626,1998665,BAX
2016-12-27,43.6922,43.949,43.6626,43.8206,1610569,BAX
2016-12-28,43.8601,43.8798,43.396,43.633,1765044,BAX
2016-12-29,43.5836,43.9786,43.5342,43.7021,1568888,BAX
2016-12-30,43.8798,44.1859,43.6626,43.7811,2207084,BAX
2017-01-03,43.8206,44.1761,43.5046,43.8798,2937875,BAX
2017-01-04,43.9786,44.3044,43.8996,44.1859,2161471,BAX
2017-01-05,44.1859,44.6698,44.0033,44.4821,2345008,BAX
2017-01-06,44.492,45.0351,44.3143,44.9462,2930892,BAX
2017-01-09,45.1536,45.6374,44.9166,45.588,4265789,BAX
2017-01-10,45.6374,46.1607,45.4794,45.9237,2990658,BAX
2017-01-11,46.0324,46.4174,45.9237,46.3977,3649783,BAX
2017-01-12,46.22,46.3483,45.43,45.9237,2511227,BAX
2017-01-13,46.0027,46.2397,45.7559,45.8645,1240147,BAX
2017-01-17,45.6078,46.0027,45.2128,45.9336,2570771,BAX
2017-01-18,46.0126,46.3779,45.8053,46.1805,2377241,BAX
2017-01-19,46.0916,46.2792,45.6926,45.983,1928488,BAX
2017-01-20,46.1113,46.8025,45.6176,45.6473,3541177,BAX
2017-01-23,45.4794,45.8053,45.0746,45.4399,2700340,BAX
2017-01-24,45.3905,45.4202,44.8969,45.2721,1911475,BAX
2017-01-25,45.2819,45.7756,45.2424,45.5584,2662603,BAX
2017-01-26,45.3807,45.7312,44.9561,45.4695,2315376,BAX
2017-01-27,45.5485,46.5655,45.4695,46.4866,2349688,BAX
2017-01-30,46.3977,46.4174,45.9139,46.3088,2451124,BAX
2017-01-31,46.2693,47.474,46.0916,47.3061,6331700,BAX
2017-02-01,48.0664,48.6687,46.2595,47.4937,6030488,BAX
2017-02-02,47.316,48.3527,47.316,47.5233,3928783,BAX
2017-02-03,47.7603,48.2639,47.7307,48.017,2527326,BAX
2017-02-06,47.8887,48.0071,47.5134,47.7405,1893373,BAX
2017-02-07,47.8689,48.0664,47.7307,47.9775,1854379,BAX
2017-02-08,47.8887,48.0466,47.5431,47.7405,1883461,BAX
2017-02-09,47.8393,48.412,47.7899,48.3132,2299506,BAX
2017-02-10,48.3132,48.5157,48.1553,48.3824,1398235,BAX
2017-02-13,48.4219,48.8168,48.2589,48.6095,1686008,BAX
2017-02-14,48.3725,48.6884,48.1553,48.3429,2737877,BAX
2017-02-15,47.9775,48.955,47.9676,48.8168,2594462,BAX
2017-02-16,48.7773,48.9254,48.3922,48.7971,1640032,BAX
2017-02-17,48.6983,49.113,48.6786,49.1032,2835843,BAX
2017-02-21,49.1229,49.5672,48.9649,49.3303,3427339,BAX
2017-02-22,49.1821,49.587,49.1723,49.429,1685007,BAX
2017-02-23,49.6166,50.1202,49.429,49.7548,1828592,BAX
2017-02-24,49.6462,49.9424,49.5969,49.8536,2470009,BAX
2017-02-27,49.8634,50.13,49.7499,49.8042,2445341,BAX
2017-02-28,49.7746,50.7521,49.7351,50.2782,6405743,BAX
2017-03-01,50.7533,50.7533,50.0901,50.6939,3649445,BAX
2017-03-02,50.6543,50.6543,50.0901,50.2584,2145611,BAX
2017-03-03,50.298,50.4167,50.0109,50.3969,2582540,BAX
2017-03-06,50.1,50.4761,50.001,50.1693,5087230,BAX
2017-03-07,50.0307,50.7038,49.8426,50.5256,3717539,BAX
2017-03-08,50.5652,50.9117,50.2485,50.8424,4059518,BAX
2017-03-09,50.8424,51.6739,50.7929,51.6046,5026283,BAX
2017-03-10,51.7531,51.8026,51.2334,51.4859,2320992,BAX
2017-03-13,51.476,51.8026,51.2483,51.7729,2410359,BAX
2017-03-14,51.5651,51.6541,51.3374,51.377,1758001,BAX
2017-03-15,51.377,51.7333,51.3176,51.6343,2914926,BAX
2017-03-16,51.5156,51.6244,50.6939,50.9117,2665512,BAX
2017-03-17,50.9414,51.3077,50.9117,51.1097,3494607,BAX
2017-03-20,51.1196,51.1889,50.6543,50.6741,2334990,BAX
2017-03-21,50.9216,51.3671,50.5157,50.882,3180857,BAX
2017-03-22,50.7731,51.4562,50.6355,51.2681,3170595,BAX
2017-03-23,51.0503,51.4463,50.8721,51.1691,1348208,BAX
2017-03-24,51.1988,51.664,51.0602,51.4958,2655479,BAX
2017-03-27,51.2681,51.4562,50.8721,51.3077,1568526,BAX
2017-03-28,51.2285,51.4661,51.0503,51.3671,2372702,BAX
2017-03-29,51.1988,51.664,51.0404,51.4562,2500795,BAX
2017-03-30,51.3374,51.7828,51.1592,51.7234,2530953,BAX
2017-03-31,51.5255,51.6442,51.2285,51.3374,2198880,BAX
2017-04-03,51.3869,51.7729,51.0503,51.763,2655105,BAX
2017-04-04,52.1986,52.1986,51.3582,51.8521,2817434,BAX
2017-04-05,52.0204,52.6441,51.8521,52.0204,2839784,BAX
2017-04-06,51.8917,52.0006,51.5715,52.0006,2552893,BAX
2017-04-07,51.9313,52.357,51.8422,52.258,3417469,BAX
2017-04-10,52.2679,52.4362,52.1392,52.3075,4972033,BAX
2017-04-11,52.4065,52.4956,52.1194,52.4362,2774515,BAX
2017-04-12,52.3669,53.0004,52.3273,52.9905,3741292,BAX
2017-04-13,52.8223,52.9509,52.5451,52.7134,3923786,BAX
2017-04-17,52.1788,52.6639,51.7432,52.2877,3764633,BAX
2017-04-18,52.1788,52.6936,52.0697,52.1986,2933651,BAX
2017-04-19,52.357,52.6292,52.159,52.1788,4242968,BAX
2017-04-20,52.1194,52.4015,51.8521,52.357,2998283,BAX
2017-04-21,52.3174,52.4461,52.06,52.3471,3217472,BAX
2017-04-24,52.8915,53.1687,52.7827,52.9113,2664036,BAX
2017-04-25,52.753,53.0796,52.5055,52.6738,4410491,BAX
2017-04-26,53.4558,55.0496,53.2083,55.0298,7921690,BAX
2017-04-27,55.0892,55.9306,54.7229,54.8615,6411321,BAX
2017-04-28,54.9902,55.3169,54.7526,55.1189,3456634,BAX
2017-05-01,55.1684,55.3862,54.7823,55.0298,2548916,BAX
2017-05-02,55.2476,55.3466,54.9803,55.1189,2408872,BAX
2017-05-03,55.1684,55.4455,54.7922,55.3466,2838739,BAX
2017-05-04,55.3664,55.4851,55.0298,55.3961,1776176,BAX
2017-05-05,55.4356,55.594,55.1387,55.3862,1760840,BAX
2017-05-08,55.3466,55.4059,55.0595,55.1387,2220075,BAX
2017-05-09,55.2278,55.6831,55.0001,55.5742,5019638,BAX
2017-05-10,55.5346,55.7029,55.1684,55.6237,1889752,BAX
2017-05-11,55.5445,55.8019,55.3367,55.7821,2130724,BAX
2017-05-12,55.7821,55.9306,55.4158,55.6237,1508223,BAX
2017-05-15,55.4851,56.1979,55.3763,56.1286,1396466,BAX
2017-05-16,56.4256,57.2076,56.2375,56.9997,4913556,BAX
2017-05-17,56.6137,56.9799,56.2771,56.287,3144948,BAX
2017-05-18,56.2573,56.5642,55.9702,56.4949,3274276,BAX
2017-05-19,56.6236,56.7522,56.4157,56.6335,2054732,BAX
2017-05-22,56.8017,57.2571,56.5939,57.069,1440061,BAX
2017-05-23,57.0591,57.3759,56.9997,57.3363,1646288,BAX
2017-05-24,57.4353,57.8709,57.267,57.7521,2402214,BAX
2017-05-25,57.861,58.8113,57.7323,58.544,3216071,BAX
2017-05-26,58.4747,58.5143,57.861,58.049,2014609,BAX
2017-05-30,58.1084,58.8905,57.9402,58.7519,2559900,BAX
2017-05-31,59.0,59.3375,58.7221,58.871,4111642,BAX
2017-06-01,59.0695,59.8835,58.7519,59.5559,2820231,BAX
2017-06-02,59.5857,59.7147,59.1787,59.278,3219772,BAX
2017-06-05,59.9331,60.0026,59.0993,59.1489,2714509,BAX
2017-06-06,59.0795,59.3772,58.8412,58.9504,3043926,BAX
2017-06-07,59.0993,59.2581,58.8462,59.1589,2087984,BAX
2017-06-08,59.1886,59.5112,59.0199,59.3177,4531127,BAX
2017-06-09,59.4269,59.6155,58.1365,58.474,3070255,BAX
2017-06-12,58.2556,58.3452,56.4043,56.727,5791010,BAX
2017-06-13,56.9553,57.7196,56.8163,57.4516,3731763,BAX
2017-06-14,57.6799,58.3549,57.2541,57.5509,2427655,BAX
2017-06-15,57.124,57.67,56.8957,57.5012,3264853,BAX
2017-06-16,57.6501,57.9181,57.3126,57.5012,6522815,BAX
2017-06-19,57.7891,59.2779,57.7891,59.1092,4703699,BAX
2017-06-20,59.2383,59.675,59.2383,59.4368,3074915,BAX
2017-06-21,59.5857,60.0224,59.4864,59.6055,2410977,BAX
2017-06-22,59.5559,60.5386,59.4666,60.2309,3070521,BAX
2017-06-23,60.2309,61.0547,60.0026,60.9257,3900607,BAX
2017-06-26,60.9257,61.0646,60.5088,60.5286,1911293,BAX
2017-06-27,60.4691,60.618,60.1415,60.2408,2547013,BAX
2017-06-28,60.4889,60.7917,60.3202,60.4195,2152472,BAX
2017-06-29,60.3599,60.3599,59.2879,59.7147,2062070,BAX
2017-06-30,59.9629,60.3103,59.8189,60.0919,2428594,BAX
2017-07-03,60.3301,60.4294,59.7147,59.7941,1354628,BAX
2017-07-05,59.9629,60.4095,59.7743,60.2606,1782850,BAX
2017-07-06,59.9926,60.2209,59.5609,59.7147,3123112,BAX
2017-07-07,59.9331,60.3798,59.7852,60.2706,2561763,BAX
2017-07-10,60.1713,60.2706,59.814,60.1018,1542585,BAX
2017-07-11,60.886,60.9356,59.9033,60.1812,2593155,BAX
2017-07-12,60.3401,60.9852,60.2805,60.8264,1505472,BAX
2017-07-13,60.9058,60.9654,60.3401,60.8463,1736190,BAX
2017-07-14,60.8264,61.7892,60.7569,61.6503,1951282,BAX
2017-07-17,61.6404,61.9183,61.4468,61.7396,2729993,BAX
2017-07-18,61.9183,62.0275,61.5014,61.6801,2239547,BAX
2017-07-19,61.8786,62.0473,61.6503,61.9878,3049260,BAX
2017-07-20,62.0473,62.6131,61.7992,62.5734,2394372,BAX
2017-07-21,62.4245,62.6727,62.1317,62.2061,2798820,BAX
2017-07-24,62.355,62.4146,62.0076,62.2657,1669175,BAX
2017-07-25,62.5138,62.5436,61.2235,61.6304,3074388,BAX
2017-07-26,60.5981,61.2632,59.6849,60.7669,4118951,BAX
2017-07-27,61.1838,61.1838,59.4368,59.9331,3414619,BAX
2017-07-28,59.9529,60.3897,59.7048,60.2805,2054427,BAX
2017-07-31,60.3301,60.5882,59.9132,60.0323,2042553,BAX
2017-08-01,59.3177,59.6949,59.01,59.4368,1594201,BAX
2017-08-02,60.2408,60.2408,58.8314,59.0596,3537302,BAX
2017-08-03,58.6626,59.3475,58.3747,59.1489,2017949,BAX
2017-08-04,59.3177,59.6949,59.01,59.4368,1594211,BAX
2017-08-07,59.3971,59.4666,59.0447,59.2879,1858594,BAX
2017-08-08,59.2184,59.5509,58.9206,59.278,1969647,BAX
2017-08-09,59.278,59.6552,59.0596,59.5758,2196822,BAX
2017-08-10,59.2184,59.536,58.9852,59.268,2939189,BAX
2017-08-11,59.1787,59.9248,59.1787,59.3971,2213852,BAX
2017-08-14,59.6254,60.1316,59.6155,59.7842,1976379,BAX
2017-08-15,59.7445,60.4989,59.6849,60.35,2161235,BAX
2017-08-16,60.5485,61.0746,60.3599,60.9058,2965533,BAX
2017-08-17,60.5783,61.0249,60.3202,60.3698,2608655,BAX
2017-08-18,60.2706,60.8165,60.1713,60.4195,2308236,BAX
2017-08-21,60.3401,60.6974,60.082,60.6577,1677830,BAX
2017-08-22,60.5684,61.7495,60.5684,61.69,1789698,BAX
2017-08-23,61.5411,61.6106,60.8612,60.9952,2734197,BAX
2017-08-24,61.2334,61.3724,61.0052,61.0547,2286060,BAX
2017-08-25,61.3327,61.3327,60.9952,61.0547,2389377,BAX
2017-08-28,61.1838,61.3525,61.0845,61.1838,2386411,BAX
2017-08-29,60.9654,61.1639,60.747,60.9555,1562198,BAX
2017-08-30,61.0052,61.4132,60.9952,61.1843,1918743,BAX
2017-08-31,61.4829,61.8312,61.3137,61.7416,3532667,BAX
2017-09-01,61.8113,62.1994,61.6322,61.9307,2214954,BAX
2017-09-05,61.6919,62.1397,61.5326,61.881,1772902,BAX
2017-09-06,62.0004,62.3786,61.881,62.2293,1498231,BAX
2017-09-07,62.3388,62.697,62.0501,62.5378,1724599,BAX
2017-09-08,62.6274,64.0903,62.4283,62.9757,2582962,BAX
2017-09-11,63.324,64.0107,63.2643,63.9709,2711586,BAX
2017-09-12,64.0903,64.2495,63.523,63.8415,1840816,BAX
2017-09-13,63.8415,64.4386,63.732,64.2993,2482463,BAX
2017-09-14,64.0505,64.4287,63.8713,64.0107,1864464,BAX
2017-09-15,63.8017,64.0206,63.5728,63.6524,4525594,BAX
2017-09-18,63.7619,64.0007,63.6225,64.0007,1547262,BAX
2017-09-19,63.9709,64.0405,63.6126,63.7121,1825497,BAX
2017-09-20,63.8415,64.1948,63.7519,63.9709,1680051,BAX
2017-09-21,63.9012,64.009,63.0453,63.0752,1595016,BAX
2017-09-22,63.1747,63.4434,63.0354,63.2046,2352331,BAX
2017-09-25,63.2046,63.2431,62.2691,62.4582,1678990,BAX
2017-09-26,62.5577,62.5776,62.1248,62.2193,1302183,BAX
2017-09-27,62.3188,62.5577,61.6421,62.1596,2310889,BAX
2017-09-28,61.9805,62.2293,61.5625,62.0402,1529146,BAX
2017-09-29,61.9904,62.4631,61.8511,62.4482,1579139,BAX
2017-10-02,62.6174,63.0951,62.5975,62.8563,1811629,BAX
2017-10-03,62.6672,62.8154,62.1497,62.3188,1649398,BAX
2017-10-04,62.4383,62.707,62.3089,62.5975,1902900,BAX
2017-10-05,62.4383,62.5875,62.2492,62.4084,1792311,BAX
2017-10-06,62.3188,62.7866,62.1198,62.6075,2513096,BAX
2017-10-09,62.7468,62.7468,60.8161,61.1545,2610212,BAX
2017-10-10,61.0749,61.463,60.4877,61.4132,2264863,BAX
2017-10-11,61.4331,61.8611,61.3237,61.7118,2280863,BAX
2017-10-12,61.7118,62.279,61.5725,62.2293,1459995,BAX
2017-10-13,62.289,62.5676,61.9904,62.5179,2837203,BAX
2017-10-16,62.5975,63.4036,62.5975,63.3439,2715212,BAX
2017-10-17,63.2842,63.8713,63.0254,63.6126,2484361,BAX
2017-10-18,63.5927,63.8001,63.2344,63.533,1340081,BAX
2017-10-19,63.6325,63.7519,62.5079,63.1648,3306696,BAX
2017-10-20,63.4036,63.6026,63.0951,63.2842,2738550,BAX
2017-10-23,63.4434,64.359,63.4036,63.8116,1798895,BAX
2017-10-24,63.8315,64.0803,63.1946,64.0405,4001527,BAX
2017-10-25,62.9359,64.6874,62.2202,64.0704,2476435,BAX
2017-10-26,64.2197,65.1104,63.9012,64.6177,2265084,BAX
2017-10-27,64.6277,65.384,64.4404,65.3641,2460524,BAX
2017-10-30,65.0556,65.1054,63.9311,64.2595,2891495,BAX
2017-10-31,64.5083,64.6376,63.8912,64.1599,2679341,BAX
2017-11-01,64.2893,64.5481,63.8813,63.8912,1848713,BAX
2017-11-02,63.732,64.1002,63.4534,63.7619,1775002,BAX
2017-11-03,63.5728,64.7869,63.4733,64.5879,1629260,BAX
2017-11-06,64.7869,64.8566,64.0107,64.0505,2179597,BAX
2017-11-07,64.1301,64.6476,63.8912,64.0107,2234157,BAX
2017-11-08,63.941,64.8367,63.7818,64.6974,1887408,BAX
2017-11-09,64.6277,65.0905,64.3888,65.0755,1626692,BAX
2017-11-10,63.7022,63.9012,63.4534,63.5728,2527670,BAX
2017-11-13,63.3837,64.3043,63.0354,64.1002,1658095,BAX
2017-11-14,63.7519,64.2694,63.3041,64.15,2304808,BAX
2017-11-15,64.1002,64.4983,63.8315,64.1102,2508135,BAX
2017-11-16,64.2595,64.976,64.0206,64.6774,2557634,BAX
2017-11-17,64.349,64.558,62.7169,63.5728,4883430,BAX
2017-11-20,63.7022,63.9012,63.4534,63.5728,2582436,BAX
2017-11-21,63.9012,64.2595,63.6922,63.941,2952948,BAX
2017-11-22,64.0007,64.2993,63.5131,63.732,1553441,BAX
2017-11-24,63.7718,64.0107,63.5529,63.8116,692491,BAX
2017-11-27,63.9311,64.4685,63.7022,64.4287,2563101,BAX
2017-11-28,64.5481,65.8617,63.9908,65.7324,5399742,BAX
2017-11-29,65.6826,65.6826,64.349,64.8665,4770114,BAX
2017-11-30,65.0362,65.6946,64.4775,65.3753,4236413,BAX
2017-12-01,65.2856,65.7644,64.3677,65.3354,2598411,BAX
2017-12-04,65.4452,65.5649,64.0884,64.0984,2945918,BAX
2017-12-05,63.9886,64.6471,63.7442,63.8689,2562419,BAX
2017-12-06,63.849,63.849,63.2429,63.5696,2387066,BAX
2017-12-07,63.42,63.5696,63.0608,63.3701,2794419,BAX
2017-12-08,63.5696,63.9288,63.4998,63.8988,1723883,BAX
2017-12-11,63.7492,64.1981,63.5696,63.9886,1805376,BAX
2017-12-12,64.1383,64.4276,63.8988,64.1582,2576990,BAX
2017-12-13,64.2181,64.8067,63.9487,64.5673,3067413,BAX
2017-12-14,64.7668,65.4601,64.5872,64.6271,3405287,BAX
2017-12-15,64.667,65.3853,64.5872,65.1758,4988937,BAX
2017-12-18,65.2357,65.4751,64.9613,65.2955,3157208,BAX
2017-12-19,65.5948,65.8343,65.2955,65.6248,2642945,BAX
2017-12-20,65.8143,65.8442,65.096,65.1359,1665693,BAX
2017-12-21,65.2257,65.4003,64.268,64.3777,3603490,BAX
2017-12-22,64.4376,64.8266,64.258,64.5673,1293939,BAX
2017-12-26,64.687,65.1259,64.687,64.8666,1563188,BAX
2017-12-27,64.8466,64.9484,64.3578,64.6271,1853047,BAX
2017-12-28,64.8067,64.9364,64.5074,64.7468,1626714,BAX
2017-12-29,64.9464,65.1409,64.4874,64.4874,1539580,BAX
2018-01-02,65.934,67.8395,65.6647,67.0115,5571637,BAX
2018-01-03,67.4604,68.5079,67.0813,68.0889,4260312,BAX
2018-01-04,68.478,68.6975,67.8495,68.2486,3697990,BAX
2018-01-05,68.4381,69.1863,68.1388,69.0167,2189980,BAX
2018-01-08,69.0167,69.1464,68.5379,69.1165,2634941,BAX
2018-01-09,69.1664,69.4856,68.9269,69.2163,3141704,BAX
2018-01-10,68.907,69.0716,68.0889,68.2685,2074482,BAX
2018-01-11,68.2885,68.5079,67.8395,68.2984,2104612,BAX
2018-01-12,68.4581,68.4581,68.0989,68.1787,2372002,BAX
2018-01-16,68.3383,68.3383,67.3806,67.5103,4246954,BAX
2018-01-17,67.8595,68.1388,67.65,68.039,3151939,BAX
2018-01-18,68.1588,69.3061,68.1588,69.0367,4383076,BAX
2018-01-19,69.1963,69.8548,69.1963,69.8448,3530470,BAX
2018-01-22,69.8647,70.0842,69.6253,70.0343,3381221,BAX
2018-01-23,69.9346,69.9745,69.2362,69.4357,2344134,BAX
2018-01-24,69.735,70.2837,69.5355,69.9745,2491353,BAX
2018-01-25,70.3336,70.8923,70.174,70.8823,2357294,BAX
2018-01-26,71.3313,72.0895,70.5631,72.0895,2885909,BAX
2018-01-29,71.7004,72.3189,71.7004,71.88,2581912,BAX
2018-01-30,71.3612,71.9099,70.8324,71.5807,2710126,BAX
2018-01-31,71.9298,72.4087,71.3811,71.86,4320729,BAX
2018-02-01,69.4158,70.593,68.9968,69.7849,5971578,BAX
2018-02-02,69.4956,69.7749,68.3184,68.3882,4099999,BAX
2018-02-05,68.1787,68.498,65.3055,65.3654,4634302,BAX
2018-02-06,64.1383,67.0115,63.7093,66.5127,5225267,BAX
2018-02-07,66.3231,66.792,65.3255,65.3953,3943853,BAX
2018-02-08,65.3953,65.5449,62.3725,62.4124,4900677,BAX
2018-02-09,63.1207,64.7768,62.6917,64.1582,5677972,BAX
2018-02-12,64.5772,65.2706,64.1981,64.8466,4232741,BAX
2018-02-13,64.3179,64.7069,63.6893,64.4775,2871262,BAX
2018-02-14,64.1882,65.954,64.0502,65.8742,3556357,BAX
2018-02-15,66.3929,66.6,65.6248,66.2832,2064677,BAX
2018-02-16,66.1535,66.9516,66.1136,66.1735,3732229,BAX
2018-02-20,66.6024,67.4504,65.7744,66.8818,3784188,BAX
2018-02-21,66.9317,68.1787,66.7397,66.8918,2517128,BAX
2018-02-22,67.2808,68.1388,66.9516,67.2709,4542103,BAX
2018-02-23,67.2709,68.2585,67.0514,68.1987,2079893,BAX
2018-02-26,68.4182,69.0766,68.0191,68.9768,2493523,BAX
2018-02-27,68.9868,69.1963,68.5279,68.5279,1767668,BAX
2018-02-28,68.6676,69.1664,67.5702,67.63,3590124,BAX
2018-03-01,67.6,67.6958,65.73,66.31,3217644,BAX
2018-03-02,65.64,66.36,65.55,66.28,2824366,BAX
2018-03-05,65.93,67.17,65.78,66.85,4767583,BAX
2018-03-06,67.02,67.12,66.49,67.01,2046179,BAX
2018-03-07,66.5,67.205,66.25,67.02,2840340,BAX
2018-03-08,67.2,68.04,67.1,67.82,3553875,BAX
2018-03-09,68.34,68.9801,67.82,68.89,2438017,BAX
2018-03-12,68.96,69.15,68.44,68.5,1976641,BAX
2018-03-13,68.7,68.98,68.0,68.09,2441695,BAX
2018-03-14,68.39,68.43,67.09,67.28,2484501,BAX
2018-03-15,67.47,67.87,67.29,67.59,2120919,BAX
2018-03-16,67.8,68.12,67.67,67.89,4669857,BAX
2018-03-19,67.8,67.98,66.25,66.76,3247347,BAX
2018-03-20,66.91,67.32,66.63,66.91,1837362,BAX
2018-03-21,66.93,67.1,66.2,66.46,4014608,BAX
2018-03-22,65.92,66.81,65.51,65.55,3790207,BAX
2018-03-23,65.55,66.03,64.18,64.29,2419944,BAX
2018-03-26,65.01,65.6,64.27,65.49,2790670,BAX
2018-03-27,65.75,66.14,64.53,64.87,3761035,BAX
2018-03-28,65.02,65.25,63.84,63.85,3629238,BAX
2018-03-29,64.2,65.8914,63.94,65.04,3967908,BAX
2018-04-02,64.92,65.38,62.7501,63.43,2859210,BAX
2018-04-03,63.7,64.2,63.13,64.02,2461046,BAX
2018-04-04,63.26,64.59,62.671,64.41,2759563,BAX
2018-04-05,64.82,65.81,64.68,65.52,3909429,BAX
2018-04-06,64.98,65.26,63.16,63.89,3003813,BAX
2018-04-09,64.49,65.65,64.17,64.79,2733435,BAX
2018-04-10,65.31,66.75,65.31,66.2,3369104,BAX
2018-04-11,65.5,65.73,64.77,64.94,3989519,BAX
2018-04-12,65.34,66.025,65.26,65.77,2229841,BAX
2018-04-13,66.09,66.21,65.36,65.72,2280560,BAX
2018-04-16,66.36,66.81,66.1,66.29,1894865,BAX
2018-04-17,66.68,66.94,66.01,66.86,2944088,BAX
2018-04-18,66.85,67.68,65.41,67.22,3947426,BAX
2018-04-19,67.1,67.48,66.705,66.98,2430045,BAX
2018-04-20,67.06,67.4,66.755,67.05,2890692,BAX
2018-04-23,67.31,67.5,66.81,67.18,2824289,BAX
2018-04-24,67.25,67.86,65.81,66.15,3787836,BAX
2018-04-25,65.9,66.58,65.2,66.52,2914860,BAX
2018-04-26,68.42,70.15,68.42,69.99,5460103,BAX
2018-04-27,70.04,70.58,69.37,70.21,3351261,BAX
2018-04-30,70.18,70.8,69.49,69.5,4030506,BAX
2018-05-01,69.48,70.43,69.27,70.15,3193323,BAX
2018-05-02,69.9,70.88,69.62,70.43,3371266,BAX
2018-05-03,69.89,70.06,68.97,69.76,2710432,BAX
2018-05-04,69.38,70.675,69.17,70.38,1656716,BAX
2018-05-07,70.52,70.93,70.185,70.33,1580225,BAX
2018-05-08,70.15,70.25,69.02,69.45,3476554,BAX
2018-05-09,69.56,69.73,68.56,69.32,2286704,BAX
2018-05-10,69.97,70.64,69.76,70.6,2291615,BAX
2018-05-11,70.45,70.81,70.2,70.52,2215024,BAX
2018-05-14,70.39,71.7,70.22,71.2,2981901,BAX
2018-05-15,70.64,71.05,70.02,70.45,2304275,BAX
2018-05-16,70.43,71.38,70.175,70.74,2206323,BAX
2018-05-17,70.87,71.05,70.22,70.65,2709463,BAX
2018-05-18,70.74,70.94,70.37,70.6,3478358,BAX
